{"valueType":"nodes","values":[{"_typeName":"User","id":"ck9eghlivad0f0923ba49xfxo","name":"K Seymour"},{"_typeName":"User","id":"ck9eghma64fr20940qpqycdio","name":"R C Watts"},{"_typeName":"User","id":"ck9eghn2dad0s0923v0ln2j75","name":"M Cattell"},{"_typeName":"User","id":"ck9eghnuc4fri09409yngi5cm","name":"B May"},{"_typeName":"User","id":"ck9eghomgad160923dphov0cx","name":"M J Mitchell"},{"_typeName":"User","id":"ck9eghpehad1c0923w3io0n3i","name":"L B Mann"},{"_typeName":"User","id":"ck9eghq6o4ftd0940wjzim8r5","name":"M M Kettell"},{"_typeName":"User","id":"ck9eghqyk4ftj09409kjjguhf","name":"P Kendall"},{"_typeName":"User","id":"ck9eghrqn4ftp0940i04d78r4","name":"S A Brown"},{"_typeName":"User","id":"ck9eghsipad1v0923vaq483ug","name":"F J Cottington"},{"_typeName":"User","id":"ck9eghtaqad240923ohozm0hg","name":"R Dawson"},{"_typeName":"User","id":"ck9eghu2s4fua0940ovu2m4cj","name":"L Seward"},{"_typeName":"User","id":"ck9eghuus4fuf094043c0x9tr","name":"R A G Price"},{"_typeName":"User","id":"ck9eghvn0ad2d0923r3bpxevf","name":"R Marsh"},{"_typeName":"User","id":"ck9eghwf34fun0940nkz0ex3h","name":"A B Tomczynski"},{"_typeName":"User","id":"ck9eghx6z4fus0940wwfztp3q","name":"L Garner-Langham"},{"_typeName":"User","id":"ck9eghxz6ad2s0923nmb35l6x","name":"S Day"},{"_typeName":"User","id":"ck9eghyr64fv80940f9imlix6","name":"B J Hollands"},{"_typeName":"User","id":"ck9eghzj8ad2z0923ik13s9vw","name":"Wildfowl counts"},{"_typeName":"User","id":"ck9egi0bh4fvg0940p9cqdsdm","name":"M Kettell"},{"_typeName":"User","id":"ck9egi13f4fvp0940l7gb7czo","name":"D J Barker"},{"_typeName":"User","id":"ck9egi1vb4fw00940tr4fdoyf","name":"M I'Anson"},{"_typeName":"User","id":"ck9egi2n94fwc0940ype3cqpn","name":"G Turner"},{"_typeName":"User","id":"ck9egi3fi4fwj0940zs1295lo","name":"P Bright-Thomas"},{"_typeName":"User","id":"ck9egi47jad3o0923db2vmdf0","name":"D Flack"},{"_typeName":"User","id":"ck9egi4zhad3t09233jye8qyt","name":"P J Newbound"},{"_typeName":"User","id":"ck9egi5ri4fws09403l228xuf","name":"P Gipson"},{"_typeName":"User","id":"ck9egi6jdad400923dcul0xvf","name":"M Hunt"},{"_typeName":"User","id":"ck9egi7bb4fx60940rxpxfzdi","name":"R Hardy"},{"_typeName":"User","id":"ck9egi83d4fxb0940o5tq92pf","name":"G Perrier"},{"_typeName":"User","id":"ck9egi8va4fxg0940w0el7i49","name":"T A Guyatt"},{"_typeName":"User","id":"ck9egi9nd4fxl09400chcun2i","name":"A P Chick"},{"_typeName":"User","id":"ck9egiafgad4h0923iizvznxs","name":"P Boult"},{"_typeName":"User","id":"ck9egib7nad4m0923tech0bgv","name":"R Righelato"},{"_typeName":"User","id":"ck9egibzkad4t0923v01qyk3p","name":"P Scudamore"},{"_typeName":"User","id":"ck9egicrq4fy10940s3rljfyo","name":"D J White"},{"_typeName":"User","id":"ck9egidju4fy90940ht3cppym","name":"M D Budden"},{"_typeName":"User","id":"ck9egiebw4fye0940wtrwfx21","name":"M G McCarthy"},{"_typeName":"User","id":"ck9egif40ad540923kwfzf9e0","name":"A D Bassett"},{"_typeName":"User","id":"ck9egifw1ad590923b8ymo67u","name":"A Rymer"},{"_typeName":"User","id":"ck9egigo6ad5i0923o8h1avg2","name":"B T Bennett"},{"_typeName":"User","id":"ck9egihg7ad5n092390tgzd1s","name":"S Jones"},{"_typeName":"User","id":"ck9egii89ad5s0923icwmy9by","name":"K Creed"},{"_typeName":"User","id":"ck9egij0aad5z0923u1wf7ezt","name":"C Nock"},{"_typeName":"User","id":"ck9egijsb4fz90940wp6eb29a","name":"R Reedman"},{"_typeName":"User","id":"ck9egikka4fze09404dlusfm7","name":"S Hughes"},{"_typeName":"User","id":"ck9egilc64fzp0940gsa6hye9","name":"D K Parker"},{"_typeName":"User","id":"ck9egim49ad6d0923wzagr1fp","name":"P M Cropper"},{"_typeName":"User","id":"ck9egimw4ad6j09238lpc2iu4","name":"T O Alexander"},{"_typeName":"User","id":"ck9egino7ad6p0923dy0zii3q","name":"R Dryden"},{"_typeName":"User","id":"ck9egiog64g030940gr47o9ei","name":"P J Crowley"},{"_typeName":"User","id":"ck9egip8aad700923cqvumfkm","name":"L Matthews"},{"_typeName":"User","id":"ck9egiq084g0g094071plbfrp","name":"B A J Clark"},{"_typeName":"User","id":"ck9egiqs84g0o0940a6t2bvdi","name":"M D Lenney"},{"_typeName":"User","id":"ck9egirk64g0t0940i1jgtzcu","name":"T G Ball"},{"_typeName":"User","id":"ck9egisca4g0y0940z6tayd2y","name":"K E Moore"},{"_typeName":"User","id":"ck9egit49ad7d0923zxphjcph","name":"T Firth"},{"_typeName":"User","id":"ck9egitw6ad7i0923mm4edpwo","name":"A Slater"},{"_typeName":"User","id":"ck9egiuod4g1e094096n240cu","name":"D Blackmore"},{"_typeName":"User","id":"ck9egivggad7t0923tost9d79","name":"A Cameron"},{"_typeName":"User","id":"ck9egiw8gad7y0923x8yiwzlz","name":"R Angus"},{"_typeName":"User","id":"ck9egix0d4g1o0940pze8nmbn","name":"M J & L J Finch"},{"_typeName":"User","id":"ck9egixsead870923i2duwb6n","name":"B D Clews"},{"_typeName":"User","id":"ck9egiykh4g1w0940s5ighkp2","name":"I D Paine"},{"_typeName":"User","id":"ck9egizchad8h0923dyemlpsx","name":"E Napper"},{"_typeName":"User","id":"ck9egj04kad8o0923nxppqplj","name":"D Williams-Jones"},{"_typeName":"User","id":"ck9egj0wi4g2b0940ox3goxg6","name":"N Rampton"},{"_typeName":"User","id":"ck9egj1oa4g2h0940cmhbe9fh","name":"R W Bennett"},{"_typeName":"User","id":"ck9egj2gdad8x092310cly1vg","name":"M H Turton"},{"_typeName":"User","id":"ck9egj389ad950923ivlz2xsl","name":"P O'Neil"},{"_typeName":"User","id":"ck9egj408ad9c0923aq6zn92p","name":"R H Stansfield"},{"_typeName":"User","id":"ck9egj4sa4g2z09408087q5zh","name":"M Vogel"},{"_typeName":"User","id":"ck9egj5ka4g340940zzruv4xo","name":"J Lerpiniere"},{"_typeName":"User","id":"ck9egj6cead9k092304xp89ex","name":"R T Stansfield"},{"_typeName":"User","id":"ck9egj74had9p09234zf68fvu","name":"D Calcutt"},{"_typeName":"User","id":"ck9egj7wl4g3i0940e3ut5lc5","name":"L G R Evans"},{"_typeName":"User","id":"ck9egj8okada10923f1ydmf71","name":"F Hutchinson"},{"_typeName":"User","id":"ck9egj9hwada6092356nmp89s","name":"M Turton"},{"_typeName":"User","id":"ck9egja8jadad0923zmecgqax","name":"R C Moore"},{"_typeName":"User","id":"ck9egjb0ladai0923glfcmqdi","name":"S K Proddow"},{"_typeName":"User","id":"ck9egjbsr4g450940z7e3gydz","name":"J Taylor"},{"_typeName":"User","id":"ck9egjckx4g4a0940nfn69jvo","name":"J P Martin"},{"_typeName":"User","id":"ck9egjdcradaw0923q2s89ek6","name":"M Fitzgerald"},{"_typeName":"User","id":"ck9egje4uadb10923iy2jopx3","name":"L Mann"},{"_typeName":"User","id":"ck9egjewu4g4q09401nmhwtpd","name":"B J Walker"},{"_typeName":"User","id":"ck9egjfouadb80923g7tsvwsz","name":"D Mackenzie"},{"_typeName":"User","id":"ck9egjggq4g4y094090kbdwb9","name":"P Foulds"},{"_typeName":"User","id":"ck9egjh8qadbh0923oqvyq0ql","name":"L R Blundell"},{"_typeName":"User","id":"ck9egji0tadbo0923fz0zydxi","name":"J C Morgan"},{"_typeName":"User","id":"ck9egjisyadbv0923h7igk7nu","name":"S M Meads"},{"_typeName":"User","id":"ck9egjjkx4g5g09402qij2dc7","name":"C R Gent"},{"_typeName":"User","id":"ck9egjkczadc30923jm9yun88","name":"R M Haydon"},{"_typeName":"User","id":"ck9egjl51adc809230ixxor8c","name":"N Cleere"},{"_typeName":"User","id":"ck9egjlwx4g5v0940nqrx669c","name":"H Brownlow"},{"_typeName":"User","id":"ck9egjmozadch09231xjxyt2d","name":"J Vaughan"},{"_typeName":"User","id":"ck9egjnh0adco0923mggvbycq","name":"S Lynch"},{"_typeName":"User","id":"ck9egjo8v4g660940b1k9gcjw","name":"D W Hampton"},{"_typeName":"User","id":"ck9egjp0v4g6b0940qve0xega","name":"J E Warren"},{"_typeName":"User","id":"ck9egjpt0adcv0923wxhsk13h","name":"R R Keel"},{"_typeName":"User","id":"ck9egjqkz4g6l0940i3bgrs3f","name":"C Jones"},{"_typeName":"User","id":"ck9egjrd5add90923ewsv53bc","name":"J Sandell"},{"_typeName":"User","id":"ck9egjs574g6z094063xvol7o","name":"R Gilham"},{"_typeName":"User","id":"ck9egjsx44g7509402no3t2mh","name":"S Ricks"},{"_typeName":"SpeciesStatus","id":"ck9f938rmia6a0923e3ph7gjt","code":"R","description":"Resident and breeds"},{"_typeName":"SpeciesStatus","id":"ck9f939gnia6j0923l0l6yn2i","code":"S","description":"Summer breeder"},{"_typeName":"SpeciesStatus","id":"ck9f93a8mdz820940wycbqb52","code":"s","description":"Summer but non breeder"},{"_typeName":"SpeciesStatus","id":"ck9f93b0lia6z0923et8lo3yc","code":"W","description":"Winter visitor"},{"_typeName":"SpeciesStatus","id":"ck9f93bsndz8m0940p3f3gv6c","code":"P","description":"Passage Only"},{"_typeName":"SpeciesStatus","id":"ck9f93cknia7h0923w78pkeb5","code":"r","description":"resident but non breeder"},{"_typeName":"SpeciesStatus","id":"ck9f93dckdz970940oqfh9hfx","code":"C","description":"Escaped/Reintroduced/Feral"},{"_typeName":"BreedingCode","id":"ck9f8pfzmdwsm09403mo5nie5","code":"H","group":"Possible","description":"Species observed in breeding season in suitable nesting Habitat"},{"_typeName":"BreedingCode","id":"ck9f8pgc7i84m0923zf8jhaqf","code":"S","group":"Possible","description":"Singing male present (or breeding calls heard) in breeding season in suitable breeding habitat"},{"_typeName":"BreedingCode","id":"ck9f8ph4ji84v0923zr5ore2a","code":"P","group":"Probable","description":"Pair observed in suitable nesting habitat in breeding season"},{"_typeName":"BreedingCode","id":"ck9f8phwndwt00940z702w4d7","code":"T","group":"Probable","description":"Permanent Territory presumed through registration of territorial behaviour (song etc) on at least two different days a week or more apart at the same place or many individuals on one day"},{"_typeName":"BreedingCode","id":"ck9f8pio3i8540923i8bql79r","code":"D","group":"Probable","description":"Courtship and Display (judged to be in or near potential breeding habitat; be cautious with wildfowl)"},{"_typeName":"BreedingCode","id":"ck9f8pjg3i85c0923xge1kcca","code":"N","group":"Probable","description":"Visiting probable Nest site"},{"_typeName":"BreedingCode","id":"ck9f8pk84i85j0923hjn7hlo7","code":"A","group":"Probable","description":"Agitated behaviour or anxiety calls from adults, suggesting probable presence of nest or young nearby"},{"_typeName":"BreedingCode","id":"ck9f8pkzxi85o0923xnyxmdrj","code":"I","group":"Probable","description":"Brood patch on adult examined in the hand, suggesting Incubation"},{"_typeName":"BreedingCode","id":"ck9f8pls3i85x0923v3q87q11","code":"B","group":"Probable","description":"Nest Building or excavating nest-hole"},{"_typeName":"BreedingCode","id":"ck9f8pmk5i8620923z36xd9b6","code":"DD","group":"Confirmed","description":"Distraction-Display or injury feigning"},{"_typeName":"BreedingCode","id":"ck9f8pncdi8670923ks3zvk76","code":"UN","group":"Confirmed","description":"Used Nest or eggshells found (occupied or laid within period of survey)"},{"_typeName":"BreedingCode","id":"ck9f8po4jdwtw0940oczn2ybz","code":"FL","group":"Confirmed","description":"Recently FLedged young (nidicolous species) or downy young (nidifugous species). Careful consideration should be given to the likely provenance of any fledged juvenile capable of significant geographical movement. Evidence of dependency on adults (e.g. feeding) is helpful. Be cautious, even if the record comes from suitable habitat."},{"_typeName":"BreedingCode","id":"ck9f8powgi86i0923nezqlvaj","code":"ON","group":"Confirmed","description":"Adults entering or leaving nest-site in circumstances indicating Occupied Nest (including high nests or nest holes, the contents of which can not be seen) or adults seen incubating"},{"_typeName":"BreedingCode","id":"ck9f8ppoidwu30940rtvuwf80","code":"FF","group":"Confirmed","description":"Adult carrying Faecal sac or Food for young"},{"_typeName":"BreedingCode","id":"ck9f8pqgmi86p0923bz6hacfk","code":"NE","group":"Confirmed","description":"Nest containing Eggs"},{"_typeName":"BreedingCode","id":"ck9f8pr8ni86w0923hrr2aup8","code":"NY","group":"Confirmed","description":"Nest with Young seen or heard"},{"_typeName":"BreedingCode","id":"ck9f8ps0ndwuj0940akn874ax","code":"F","group":"Non breeding","description":"Flying over"},{"_typeName":"BreedingCode","id":"ck9f8psski8720923vkibt1jr","code":"M","group":"Non breeding","description":"Species observed but suspected to be still on Migration"},{"_typeName":"BreedingCode","id":"ck9f8ptkqi87709231h7janyi","code":"U","group":"Non breeding","description":"Species observed but suspected to be sUmmering non-breeder"},{"_typeName":"Species","id":"ck9fbctklecu009400v5fdeot","name":"Red Throated Diver","rarity":5},{"_typeName":"Species","id":"ck9fbcuaailge0923uutoxlpl","name":"Black Throated Diver","rarity":5},{"_typeName":"Species","id":"ck9fbcv2ailgn09231ef9ct5g","name":"Little Grebe","rarity":2},{"_typeName":"Species","id":"ck9fbcvucilgu0923eplg32dl","name":"Great Crested Grebe","rarity":2},{"_typeName":"Species","id":"ck9fbcwmgecui0940l0xk56r8","name":"Red Necked Grebe","rarity":5},{"_typeName":"Species","id":"ck9fbcxemilh30923lv1juxjr","name":"Slavonian Grebe","rarity":5},{"_typeName":"Species","id":"ck9fbcy6secur0940y3jqjkyl","name":"Black Necked Grebe","rarity":4},{"_typeName":"Species","id":"ck9fbcyysilhe0923vyvuo6zh","name":"Gannet","rarity":5},{"_typeName":"Species","id":"ck9fbczqpilhn0923wcyhcjbf","name":"Cormorant","rarity":2},{"_typeName":"Species","id":"ck9fbd0ivecvb0940wnziybf9","name":"Shag","rarity":5},{"_typeName":"Species","id":"ck9fbd1b0ilhw0923zbl08vwn","name":"Bittern","rarity":3},{"_typeName":"Species","id":"ck9fbd22vili8092304nrgnc6","name":"Cattle Egret","rarity":5},{"_typeName":"Species","id":"ck9fbd2utilii0923ame7851z","name":"Little Egret","rarity":2},{"_typeName":"Species","id":"ck9fbd3n0ecvs09406w62kz4s","name":"Great White Egret","rarity":4},{"_typeName":"Species","id":"ck9fbd4f0ecw7094038t1opaj","name":"Grey Heron","rarity":2},{"_typeName":"Species","id":"ck9fbd56zilit0923lb5ok107","name":"White Stork","rarity":5},{"_typeName":"Species","id":"ck9fbd5z4ilj40923ni2em5b8","name":"Glossy Ibis","rarity":5},{"_typeName":"Species","id":"ck9fbd6r4ecwk0940di7j5rlc","name":"Purple Heron","rarity":5},{"_typeName":"Species","id":"ck9fbd7j4iljd0923oaowb93i","name":"Spoonbill","rarity":5},{"_typeName":"Species","id":"ck9fbd8bdiljl0923672aue1c","name":"Mute Swan","rarity":2},{"_typeName":"Species","id":"ck9fbd933ecx40940iomxnmhb","name":"Bewick's Swan","rarity":5},{"_typeName":"Species","id":"ck9fbd9v7ecxb0940qda1mom1","name":"Whooper Swan","rarity":5},{"_typeName":"Species","id":"ck9fbdan1iljy0923gnhcj8cv","name":"Taiga Bean Goose","rarity":5},{"_typeName":"Species","id":"ck9fbdbf7ecxk0940r8ln19jm","name":"Tundra Bean Goose","rarity":5},{"_typeName":"Species","id":"ck9fbdc72ilk90923gqp360s2","name":"Pink-footed Goose","rarity":5},{"_typeName":"Species","id":"ck9fbdcyvilkg09234lwn4rba","name":"White-fronted Goose","rarity":4},{"_typeName":"Species","id":"ck9fbddr1ecy50940om4131af","name":"Greylag Goose","rarity":1},{"_typeName":"Species","id":"ck9fbdej5ecyc0940o5784rvh","name":"Canada Goose","rarity":1},{"_typeName":"Species","id":"ck9fbdfbailkv0923r5ahtb9k","name":"Brent Goose","rarity":3},{"_typeName":"Species","id":"ck9fbdg3eill20923uk3fwolx","name":"Egyptian Goose","rarity":2},{"_typeName":"Species","id":"ck9fbdgvcecym0940yu6fwwbd","name":"Mandarin","rarity":2},{"_typeName":"Species","id":"ck9fbdhneilld092365fz2zk8","name":"Wigeon","rarity":2},{"_typeName":"Species","id":"ck9fbdif9ecz409405vbwd46t","name":"Gadwall","rarity":2},{"_typeName":"Species","id":"ck9fbdj72eczf0940efw24uj9","name":"Teal","rarity":2},{"_typeName":"Species","id":"ck9fbdjz7illq0923w4px1eoj","name":"Mallard","rarity":1},{"_typeName":"Species","id":"ck9fbdkr4eczs0940ewuk7vkq","name":"Pintail","rarity":3},{"_typeName":"Species","id":"ck9fbdlj8eczz0940vsnm5zz3","name":"Garganey","rarity":3},{"_typeName":"Species","id":"ck9fbdmbaed0b09407wvxvxz1","name":"Shoveler","rarity":2},{"_typeName":"Species","id":"ck9fbdn3film609232knxp4vx","name":"Red-crested Pochard","rarity":3},{"_typeName":"Species","id":"ck9fbdnveed0o0940uuhyj6kx","name":"Pochard","rarity":2},{"_typeName":"Species","id":"ck9fbdonhilmh0923yuv175zn","name":"Tufted Duck","rarity":1},{"_typeName":"Species","id":"ck9fbdpfked0v0940szitqaw3","name":"Scaup","rarity":4},{"_typeName":"Species","id":"ck9fbdq7oilmp0923t5pquzgq","name":"Eider","rarity":5},{"_typeName":"Species","id":"ck9fbdqzsilmy0923jz23d1tz","name":"Long-tailed Duck","rarity":5},{"_typeName":"Species","id":"ck9fbdrrzed1e0940of1qx9iy","name":"Common Scoter","rarity":4},{"_typeName":"Species","id":"ck9fbdsjqed1l0940tsidobhf","name":"Goldeneye","rarity":3},{"_typeName":"Species","id":"ck9fbdtbwed1s0940gkxzhy9r","name":"Smew","rarity":4},{"_typeName":"Species","id":"ck9fbdu3zilnd0923l7dt1b38","name":"Red-breasted Merganser","rarity":5},{"_typeName":"Species","id":"ck9fbdvo5ilnm0923nlrieqqa","name":"Honey Buzzard","rarity":5},{"_typeName":"Species","id":"ck9fbdwg3ilnt0923ikghhxjq","name":"Red Kite","rarity":2},{"_typeName":"Species","id":"ck9fbdx84ed2c0940p7z68v6f","name":"Marsh Harrier","rarity":3},{"_typeName":"Species","id":"ck9fbdy07ilo40923r2w7bgid","name":"Hen Harrier","rarity":4},{"_typeName":"Species","id":"ck9fbdyrxed2r09404q1lmmgg","name":"Montague's Harrier","rarity":5},{"_typeName":"Species","id":"ck9fbdzjzed2y0940iq1f38mu","name":"Goshawk","rarity":5},{"_typeName":"Species","id":"ck9fbe0bziloh0923x51kpyio","name":"Sparrowhawk","rarity":2},{"_typeName":"Species","id":"ck9fbe13viloq0923u4rw8x6o","name":"Buzzard","rarity":2},{"_typeName":"Species","id":"ck9fbe1vsilox0923m54ut84y","name":"Osprey","rarity":4},{"_typeName":"Species","id":"ck9fbe2nved3l09408lvmbiph","name":"Kestrel","rarity":3},{"_typeName":"Species","id":"ck9fbe3fted3s0940cw3kcev3","name":"Red-footed Falcon","rarity":5},{"_typeName":"Species","id":"ck9fbe47zilp80923aq9mi9f7","name":"Merlin","rarity":5},{"_typeName":"Species","id":"ck9fbe501ed45094024q088uo","name":"Hobby","rarity":3},{"_typeName":"Species","id":"ck9fbe5s1ed4e0940owf5y2yy","name":"Peregrine","rarity":3},{"_typeName":"Species","id":"ck9fbe6k9ed4l09401li562es","name":"Red-legged Partridge","rarity":4},{"_typeName":"Species","id":"ck9fbe7c8ilpq092325oaexhl","name":"Grey Partridge","rarity":5},{"_typeName":"Species","id":"ck9fbe844ed4w0940b11yv1wg","name":"Quail","rarity":5},{"_typeName":"Species","id":"ck9fbe8w0ilpx0923c76keaf0","name":"Pheasant","rarity":2},{"_typeName":"Species","id":"ck9fbe9o1ilq609237h8yosk5","name":"Water Rail","rarity":2},{"_typeName":"Species","id":"ck9fbeag0ilqd0923uwx4rity","name":"Spotted Crake","rarity":4},{"_typeName":"Species","id":"ck9fbeb86ilqk092377vcqs02","name":"Moorhen","rarity":1},{"_typeName":"Species","id":"ck9fbec04ilqt0923mzykh3yt","name":"Coot","rarity":1},{"_typeName":"Species","id":"ck9fbecs5ed5o09408swwtana","name":"Common Crane","rarity":5},{"_typeName":"Species","id":"ck9fbedkbed5w0940cdpwfyid","name":"Oystercatcher","rarity":2},{"_typeName":"Species","id":"ck9fbeec4ilr90923hnsvcj6l","name":"Avocet","rarity":4},{"_typeName":"Species","id":"ck9fbef47ilrg0923e87dwxil","name":"Little Ringed Plover","rarity":2},{"_typeName":"Species","id":"ck9fbefwded6g09401x9adss5","name":"Ringed Plover","rarity":3},{"_typeName":"Species","id":"ck9fbegoeed6p094052av2osk","name":"Grey Plover","rarity":5},{"_typeName":"Species","id":"ck9fbehhmed6w0940sponnvgr","name":"Lapwing","rarity":1},{"_typeName":"Species","id":"ck9fbei89ilrw0923h1xrzt7r","name":"Knot","rarity":5},{"_typeName":"Species","id":"ck9fbej0aed7c09406ktzzckd","name":"Sanderling","rarity":4},{"_typeName":"Species","id":"ck9fbejsbils70923ervf6sua","name":"Little Stint","rarity":5},{"_typeName":"Species","id":"ck9fbekkjed7n0940pr415qn0","name":"Temminck's Stint","rarity":5},{"_typeName":"Species","id":"ck9fbelciilsh09232gfv4yxm","name":"Curlew Sandpiper","rarity":5},{"_typeName":"Species","id":"ck9fbem4med7w0940x3ptkhi6","name":"Dunlin","rarity":3},{"_typeName":"Species","id":"ck9fbemwkilsq0923e2dt9690","name":"Ruff","rarity":4},{"_typeName":"Species","id":"ck9fbenolilt10923jcjzihp0","name":"Snipe","rarity":2},{"_typeName":"Species","id":"ck9fbeogeed8f0940ie0tmrdv","name":"Woodcock","rarity":3},{"_typeName":"Species","id":"ck9fbep8ced8m0940ny0vk14w","name":"Black-tailed Godwit","rarity":3},{"_typeName":"Species","id":"ck9fbeq0jiltd0923ogniaps5","name":"Bar-tailed Godwit","rarity":5},{"_typeName":"Species","id":"ck9fbeqsliltk0923jux17o7b","name":"Whimbrel","rarity":4},{"_typeName":"Species","id":"ck9fberkked900940loynavd6","name":"Curlew","rarity":4},{"_typeName":"Species","id":"ck9fbescniltx0923q1md9qau","name":"Spotted Redshank","rarity":5},{"_typeName":"Species","id":"ck9fbet4jilu409234if12kmh","name":"Greenshank","rarity":3},{"_typeName":"Species","id":"ck9fbetwped9h0940qgslto5v","name":"Green Sandpiper","rarity":2},{"_typeName":"Species","id":"ck9fbeuopiluf0923dlylbeyw","name":"Wood Sandpiper","rarity":3},{"_typeName":"Species","id":"ck9fbevgsilun0923imvl8djp","name":"Common Sandpiper","rarity":2},{"_typeName":"Species","id":"ck9fbew8uiluu09235d8li10d","name":"Turnstone","rarity":4},{"_typeName":"Species","id":"ck9fbex0reda60940kp62wa5s","name":"Grey Phalarope","rarity":5},{"_typeName":"Species","id":"ck9fbexsxilv70923g0jau2gg","name":"Wilson's Phalarope","rarity":5},{"_typeName":"Species","id":"ck9fbeykuedaf0940mhnk7ejc","name":"Arctic Skua","rarity":5},{"_typeName":"Species","id":"ck9fbezcxedam09407hebcjvp","name":"Little Gull","rarity":4},{"_typeName":"Species","id":"ck9fbf04zilvg09239mpwo1g6","name":"Sabine's Gull","rarity":5},{"_typeName":"Species","id":"ck9fbf0wwilvp0923x5oxiyi2","name":"Black-headed Gull","rarity":1},{"_typeName":"Species","id":"ck9fbf1oyedb30940gol6ghqf","name":"Common Gull","rarity":2},{"_typeName":"Species","id":"ck9fbf2gxilw00923fv2we6pl","name":"Lesser Black-backed Gull","rarity":2},{"_typeName":"Species","id":"ck9fbf38vilw90923nm8fprze","name":"Herring Gull","rarity":2},{"_typeName":"Species","id":"ck9fbf40uilwi0923jw1iqmcj","name":"Yellow-legged Gull","rarity":3},{"_typeName":"Species","id":"ck9fbf4suedbj09405ngr3o1z","name":"Caspian Gull","rarity":5},{"_typeName":"Species","id":"ck9fbf5ktilwr0923xi3zynd4","name":"Iceland Gull","rarity":5},{"_typeName":"Species","id":"ck9fbf6d3edbw0940zk8c1w1n","name":"Great Black-backed Gull","rarity":3},{"_typeName":"Species","id":"ck9fbf751ilx20923vti2gzfg","name":"Kittiwake","rarity":4},{"_typeName":"Species","id":"ck9fbf7x2edc50940h0mvzfkb","name":"Sandwich Tern","rarity":3},{"_typeName":"Species","id":"ck9fbf8p8ilxb0923gh0700vd","name":"Common Tern","rarity":1},{"_typeName":"Species","id":"ck9fbf9h3edce0940a97e1b3m","name":"Arctic Tern","rarity":3},{"_typeName":"Species","id":"ck9fbfa98ilxk0923xox8s6je","name":"Little Tern","rarity":5},{"_typeName":"Species","id":"ck9fbfb10edcu0940bbo5s8hq","name":"Black Tern","rarity":3},{"_typeName":"Species","id":"ck9fbfbt4ilxx0923xf2wk6jz","name":"Rock Pigeon","rarity":2},{"_typeName":"Species","id":"ck9fbfclaedd50940s454alpx","name":"Stock Dove","rarity":2},{"_typeName":"Species","id":"ck9fbfddceddc0940hcfe85yf","name":"Wood Pigeon","rarity":1},{"_typeName":"Species","id":"ck9fbfe5bily709235dnoeb7u","name":"Collared Dove","rarity":2},{"_typeName":"Species","id":"ck9fbfexdeddm09402nznos0y","name":"Turtle Dove","rarity":5},{"_typeName":"Species","id":"ck9fbffpgilyi09237je3ezf4","name":"Ring-necked Parakeet","rarity":2},{"_typeName":"Species","id":"ck9fbfghhede109407ez6lzxg","name":"Cuckoo","rarity":2},{"_typeName":"Species","id":"ck9fbfh9pilyt0923cdtmy2ag","name":"Barn Owl","rarity":2},{"_typeName":"Species","id":"ck9fbfi1nilz00923gfdmrgtu","name":"Little Owl","rarity":3},{"_typeName":"Species","id":"ck9fbfitqilzb0923uh9y544k","name":"Tawny Owl","rarity":2},{"_typeName":"Species","id":"ck9fbfjlledef09406sm7ymqm","name":"Short-eared Owl","rarity":5},{"_typeName":"Species","id":"ck9fbfkdmilzl0923oymyk9li","name":"Nightjar","rarity":5},{"_typeName":"Species","id":"ck9fbfl5kedev0940vrc3kh5p","name":"Swift","rarity":1},{"_typeName":"Species","id":"ck9fbflxpilzu0923erl250dm","name":"Alpine Swift","rarity":5},{"_typeName":"Species","id":"ck9fbfmptim050923k2e4mdfh","name":"Kingfisher","rarity":2},{"_typeName":"Species","id":"ck9fbfnhvedf90940vgkpqv03","name":"Wryneck","rarity":5},{"_typeName":"Species","id":"ck9fbfo9sim0e0923k92u1uwi","name":"Green Woodpecker","rarity":2},{"_typeName":"Species","id":"ck9fbfp1oim0n09234fhz3ltl","name":"Great Spotted Woodpecker","rarity":2},{"_typeName":"Species","id":"ck9fbfptmedfr0940hit2h1qx","name":"Lesser Spotted Woodpecker","rarity":4},{"_typeName":"Species","id":"ck9fbfqljedg10940661l9rnl","name":"Woodlark","rarity":5},{"_typeName":"Species","id":"ck9fbfrdiim110923i15toofz","name":"Skylark","rarity":2},{"_typeName":"Species","id":"ck9fbfs5dedg9094008wb3cgf","name":"Sand Martin","rarity":1},{"_typeName":"Species","id":"ck9fbfsxbim1a0923jjfru237","name":"Swallow","rarity":1},{"_typeName":"Species","id":"ck9fbftp7edgo0940pdx4lt6y","name":"House Martin","rarity":1},{"_typeName":"Species","id":"ck9fbfuhhim1m0923ba784jgx","name":"Tree Pipit","rarity":4},{"_typeName":"Species","id":"ck9fbfv92im1t0923srzve0b8","name":"Rock Pipit","rarity":5},{"_typeName":"Species","id":"ck9fbfw16edgz094055kuolwx","name":"Water Pipit","rarity":4},{"_typeName":"Species","id":"ck9fbfwt8im220923e61gns3g","name":"Yellow Wagtail","rarity":3},{"_typeName":"Species","id":"ck9fbfxl8edh909401g55xtx7","name":"Grey Wagtail","rarity":2},{"_typeName":"Species","id":"ck9fbfyd8edhm09404pbda1gi","name":"Pied Wagtail","rarity":1},{"_typeName":"Species","id":"ck9fbfz5eim2h0923e6cvifqs","name":"Waxwing","rarity":5},{"_typeName":"Species","id":"ck9fbfzxbedhw0940ee8ddu5z","name":"Dipper","rarity":5},{"_typeName":"Species","id":"ck9fbg0pbim2q092361xkcqvs","name":"Wren","rarity":1},{"_typeName":"Species","id":"ck9fbg1hcim2x0923qqq0zbrh","name":"Dunnock","rarity":1},{"_typeName":"Species","id":"ck9fbg29aim340923yjmzwnzp","name":"Robin","rarity":1},{"_typeName":"Species","id":"ck9fbg31fim3f0923t9jmopwm","name":"Nightingale","rarity":3},{"_typeName":"Species","id":"ck9fbg3tfedij0940gijpvovx","name":"Black Redstart","rarity":5},{"_typeName":"Species","id":"ck9fbg4lhim3m09231i3li2r4","name":"Redstart","rarity":3},{"_typeName":"Species","id":"ck9fbg5e5ediy0940h855khmf","name":"Whinchat","rarity":3},{"_typeName":"Species","id":"ck9fbg65lim3y09239unr0ari","name":"Stonechat","rarity":3},{"_typeName":"Species","id":"ck9fbg6xgim4509231wgm4wct","name":"Northern Wheatear","rarity":3},{"_typeName":"Species","id":"ck9fbg7pgedji0940eag3xifn","name":"Ring Ouzel","rarity":5},{"_typeName":"Species","id":"ck9fbg8hkedjq0940wglbxfhn","name":"Blackbird","rarity":1},{"_typeName":"Species","id":"ck9fbg99pedjy0940m38votfc","name":"Fieldfare","rarity":2},{"_typeName":"Species","id":"ck9fbga1vim4k0923gnsxtw4x","name":"Song Thrush","rarity":1},{"_typeName":"Species","id":"ck9fbgatvedk70940xj772zmd","name":"Redwing","rarity":2},{"_typeName":"Species","id":"ck9fbgbltedkh0940mznls0f3","name":"Mistle Thrush","rarity":2},{"_typeName":"Species","id":"ck9fbgcduedkr09408paxx6ai","name":"Cetti's Warbler","rarity":2},{"_typeName":"Species","id":"ck9fbgd5uim4v0923tou8q9q9","name":"Grasshopper Warbler","rarity":4},{"_typeName":"Species","id":"ck9fbgdxuim560923ekid42iu","name":"Sedge Warbler","rarity":2},{"_typeName":"Species","id":"ck9fbgeq0edl20940i9wnfgdd","name":"Marsh Warbler","rarity":5},{"_typeName":"Species","id":"ck9fbgfhzedla0940wx131ago","name":"Reed Warbler","rarity":1},{"_typeName":"Species","id":"ck9fbgga3edlk0940rnq1mjd7","name":"Lesser Whitethroat","rarity":3},{"_typeName":"Species","id":"ck9fbgh20edlu0940hg4xu5x3","name":"Whitethroat","rarity":1},{"_typeName":"Species","id":"ck9fbghu4edm10940d7a141ok","name":"Garden Warbler","rarity":2},{"_typeName":"Species","id":"ck9fbgim7edm809402w9yr5m1","name":"Blackcap","rarity":1},{"_typeName":"Species","id":"ck9fbgje5im5p09235vesgwtj","name":"Yellow Browed Warbler","rarity":5},{"_typeName":"Species","id":"ck9fbgk6bedmh0940eoanujr8","name":"Wood Warbler","rarity":5},{"_typeName":"Species","id":"ck9fbgky4im600923orvtae4h","name":"Chiffchaff","rarity":1},{"_typeName":"Species","id":"ck9fbglqbedmy0940jaaqmz0j","name":"Willow Warbler","rarity":2},{"_typeName":"Species","id":"ck9fbgmidedn50940brbqq0jw","name":"Goldcrest","rarity":1},{"_typeName":"Species","id":"ck9fbgngyednf09403yu6jj8f","name":"Spotted Flycatcher","rarity":3},{"_typeName":"Species","id":"ck9fbgo2gim6d0923fqtvi15r","name":"Pied Flycatcher","rarity":5},{"_typeName":"Species","id":"ck9fbgougednm09405ug6je2s","name":"Bearded Tit","rarity":5},{"_typeName":"Species","id":"ck9fbgpmgednz09406gmm41ua","name":"Long-tailed Tit","rarity":1},{"_typeName":"Species","id":"ck9fbgqeledo60940famexkv3","name":"Marsh Tit","rarity":5},{"_typeName":"Species","id":"ck9fbgr6iim6s0923div2zioj","name":"Willow Tit","rarity":5},{"_typeName":"Species","id":"ck9fbgryjim710923d0gg9lps","name":"Coal Tit","rarity":3},{"_typeName":"Species","id":"ck9fbgsqoim780923pf9zfas5","name":"Blue Tit","rarity":1},{"_typeName":"Species","id":"ck9fbgtimedok0940u5m8skze","name":"Great Tit","rarity":1},{"_typeName":"Species","id":"ck9fbguamim7j0923d5qkbj5m","name":"Nuthatch","rarity":2},{"_typeName":"Species","id":"ck9fbgv2nedoy0940jmqd92p8","name":"Treecreeper","rarity":2},{"_typeName":"Species","id":"ck9fbgvuoedp50940pjnl16n9","name":"Great Grey Shrike","rarity":5},{"_typeName":"Species","id":"ck9fbgwriim7y0923ic03tc54","name":"Jay","rarity":2},{"_typeName":"Species","id":"ck9fbgxhkedpi0940qvy7orow","name":"Magpie","rarity":1},{"_typeName":"Species","id":"ck9fbgy91edpp09406ock1so1","name":"Jackdaw","rarity":1},{"_typeName":"Species","id":"ck9fbgz0kedq40940p8ukmw7o","name":"Rook","rarity":2},{"_typeName":"Species","id":"ck9fbgzqnim8d0923kvislen5","name":"Carrion Crow","rarity":1},{"_typeName":"Species","id":"ck9fbh0ivedqh0940rm2adbv9","name":"Raven","rarity":3},{"_typeName":"Species","id":"ck9fbh1asedqr0940d5x1ahvw","name":"Starling","rarity":2},{"_typeName":"Species","id":"ck9fbh22xedqz0940cw3tj2dp","name":"House Sparrow","rarity":2},{"_typeName":"Species","id":"ck9fbh2uxedr80940aysepg9k","name":"Tree Sparrow","rarity":5},{"_typeName":"Species","id":"ck9fbh3mxedro0940llhqr38p","name":"Chaffinch","rarity":1},{"_typeName":"Species","id":"ck9fbh4ezedrv0940vtsf65z5","name":"Hawfinch","rarity":5},{"_typeName":"Species","id":"ck9fbh56xeds20940st5n3x13","name":"Greenfinch","rarity":1},{"_typeName":"Species","id":"ck9fbh5yyeds90940xkszd5ou","name":"Goldfinch","rarity":1},{"_typeName":"Species","id":"ck9fbh6qwim96092329kau0tf","name":"Siskin","rarity":2},{"_typeName":"Species","id":"ck9fbh7j3im9f0923y1fvchlq","name":"Linnet","rarity":3},{"_typeName":"Species","id":"ck9fbh8awim9p0923guxqlhhc","name":"Mealy Redpoll","rarity":5},{"_typeName":"Species","id":"ck9fbh933edsr0940agm1s8np","name":"Crossbill","rarity":5},{"_typeName":"Species","id":"ck9fbh9uzima00923gvcyx54l","name":"Bullfinch","rarity":2},{"_typeName":"Species","id":"ck9fbhan3edt30940l281kd1f","name":"Yellowhammer","rarity":5},{"_typeName":"Species","id":"ck9fbhbezedta0940hntthqkl","name":"Reed Bunting","rarity":1},{"_typeName":"Species","id":"ck9fbhc72imac0923lx7fyi6d","name":"Corn Bunting","rarity":5},{"_typeName":"Species","id":"ck9fbn2qgimx40923279ebqk5","name":"Ruddy Duck","rarity":1},{"_typeName":"Species","id":"ck9fbsnw6in9m0923aoyg80ui","name":"Shelduck","rarity":2},{"_typeName":"Species","id":"ck9fbtv8mef8t09403pf697pf","name":"Ferruginous Duck","rarity":4},{"_typeName":"Species","id":"ck9fbv3ezingw0923tjvagckv","name":"Goosander","rarity":3},{"_typeName":"Species","id":"ck9fbvjlsefg00940te1t5bjw","name":"Jack Snipe","rarity":3},{"_typeName":"Species","id":"ck9fbwrm1eflg0940fwwmvlb0","name":"Redshank","rarity":2},{"_typeName":"Species","id":"ck9fby62nio2l0923iw7emtqi","name":"Mediterranean Gull","rarity":3},{"_typeName":"Species","id":"ck9fbz11yio9q0923c6p6ba8j","name":"Meadow Pipit","rarity":3},{"_typeName":"Species","id":"ck9fbza7uegdg0940h906rv7r","name":"Firecrest","rarity":4},{"_typeName":"Species","id":"ck9fbzggyiod60923n69l122b","name":"Brambling","rarity":3},{"_typeName":"Species","id":"ck9fbzkwzioe809239qr1ju7k","name":"Lesser Redpoll","rarity":3},{"_typeName":"Species","id":"ck9fbzt7vegi509406odpddmj","name":"Golden Plover","rarity":3},{"_typeName":"Class","id":"ck9f9aaynibtf0923697lm5qf","name":"Bird"},{"_typeName":"Class","id":"ck9f9abpwe1270940xq6lpq1x","name":"Insect"},{"_typeName":"Class","id":"ck9f9acioibty0923cggipxg5","name":"Mammal"},{"_typeName":"Location","id":"ck9fd13fvisvm09230iht0w1i","site":"Lavell's Lake","gridRef":"47841730"},{"_typeName":"Location","id":"ck9fd146tem4h09405bcbozh4","site":"Sandford Lake","gridRef":"47821728"},{"_typeName":"Location","id":"ck9fd14zjem4s0940alis4ns8","site":"Black Swan Lake","gridRef":"47821723"},{"_typeName":"Location","id":"ck9fd15rgisw90923lgsnqeug","site":"White Swan Lake","gridRef":"47771722"},{"_typeName":"Location","id":"ck9fd16j1em580940kbra14co","site":"Middle Mersh","gridRef":"47791725"},{"_typeName":"Location","id":"ck9fd17ayem5i0940dmxk0bco","site":"Mortimer's Meadow","gridRef":"47741721"},{"_typeName":"Location","id":"ck9fd1831iswz09238azar145","site":"Lea Farm Lake","gridRef":"47841734"},{"_typeName":"Location","id":"ck9fd18v1isxa0923xkvwdc64","site":"Car park field","gridRef":"47861728"},{"_typeName":"Location","id":"ck9fd19n0em6f0940xkphaez2","site":"Dinton Pastures","gridRef":"47811724"}]}