{"valueType":"relations","values":[[{"_typeName":"SpeciesStatus","id":"ck9f93bsndz8m0940p3f3gv6c"},{"_typeName":"Species","id":"ck9fbctklecu009400v5fdeot","fieldName":"status"}],[{"_typeName":"SpeciesStatus","id":"ck9f93bsndz8m0940p3f3gv6c"},{"_typeName":"Species","id":"ck9fbcuaailge0923uutoxlpl","fieldName":"status"}],[{"_typeName":"SpeciesStatus","id":"ck9f938rmia6a0923e3ph7gjt"},{"_typeName":"Species","id":"ck9fbcv2ailgn09231ef9ct5g","fieldName":"status"}],[{"_typeName":"SpeciesStatus","id":"ck9f938rmia6a0923e3ph7gjt"},{"_typeName":"Species","id":"ck9fbcvucilgu0923eplg32dl","fieldName":"status"}],[{"_typeName":"SpeciesStatus","id":"ck9f93bsndz8m0940p3f3gv6c"},{"_typeName":"Species","id":"ck9fbcwmgecui0940l0xk56r8","fieldName":"status"}],[{"_typeName":"SpeciesStatus","id":"ck9f93bsndz8m0940p3f3gv6c"},{"_typeName":"Species","id":"ck9fbcxemilh30923lv1juxjr","fieldName":"status"}],[{"_typeName":"SpeciesStatus","id":"ck9f93bsndz8m0940p3f3gv6c"},{"_typeName":"Species","id":"ck9fbcy6secur0940y3jqjkyl","fieldName":"status"}],[{"_typeName":"SpeciesStatus","id":"ck9f93bsndz8m0940p3f3gv6c"},{"_typeName":"Species","id":"ck9fbcyysilhe0923vyvuo6zh","fieldName":"status"}],[{"_typeName":"SpeciesStatus","id":"ck9f93cknia7h0923w78pkeb5"},{"_typeName":"Species","id":"ck9fbczqpilhn0923wcyhcjbf","fieldName":"status"}],[{"_typeName":"SpeciesStatus","id":"ck9f93bsndz8m0940p3f3gv6c"},{"_typeName":"Species","id":"ck9fbd0ivecvb0940wnziybf9","fieldName":"status"}],[{"_typeName":"SpeciesStatus","id":"ck9f93b0lia6z0923et8lo3yc"},{"_typeName":"Species","id":"ck9fbd1b0ilhw0923zbl08vwn","fieldName":"status"}],[{"_typeName":"SpeciesStatus","id":"ck9f93bsndz8m0940p3f3gv6c"},{"_typeName":"Species","id":"ck9fbd22vili8092304nrgnc6","fieldName":"status"}],[{"_typeName":"SpeciesStatus","id":"ck9f93cknia7h0923w78pkeb5"},{"_typeName":"Species","id":"ck9fbd2utilii0923ame7851z","fieldName":"status"}],[{"_typeName":"SpeciesStatus","id":"ck9f93bsndz8m0940p3f3gv6c"},{"_typeName":"Species","id":"ck9fbd3n0ecvs09406w62kz4s","fieldName":"status"}],[{"_typeName":"SpeciesStatus","id":"ck9f938rmia6a0923e3ph7gjt"},{"_typeName":"Species","id":"ck9fbd4f0ecw7094038t1opaj","fieldName":"status"}],[{"_typeName":"SpeciesStatus","id":"ck9f93bsndz8m0940p3f3gv6c"},{"_typeName":"Species","id":"ck9fbd56zilit0923lb5ok107","fieldName":"status"}],[{"_typeName":"SpeciesStatus","id":"ck9f93bsndz8m0940p3f3gv6c"},{"_typeName":"Species","id":"ck9fbd5z4ilj40923ni2em5b8","fieldName":"status"}],[{"_typeName":"SpeciesStatus","id":"ck9f93bsndz8m0940p3f3gv6c"},{"_typeName":"Species","id":"ck9fbd6r4ecwk0940di7j5rlc","fieldName":"status"}],[{"_typeName":"SpeciesStatus","id":"ck9f93bsndz8m0940p3f3gv6c"},{"_typeName":"Species","id":"ck9fbd7j4iljd0923oaowb93i","fieldName":"status"}],[{"_typeName":"SpeciesStatus","id":"ck9f938rmia6a0923e3ph7gjt"},{"_typeName":"Species","id":"ck9fbd8bdiljl0923672aue1c","fieldName":"status"}],[{"_typeName":"SpeciesStatus","id":"ck9f93bsndz8m0940p3f3gv6c"},{"_typeName":"Species","id":"ck9fbd933ecx40940iomxnmhb","fieldName":"status"}],[{"_typeName":"SpeciesStatus","id":"ck9f93bsndz8m0940p3f3gv6c"},{"_typeName":"Species","id":"ck9fbd9v7ecxb0940qda1mom1","fieldName":"status"}],[{"_typeName":"SpeciesStatus","id":"ck9f93bsndz8m0940p3f3gv6c"},{"_typeName":"Species","id":"ck9fbdan1iljy0923gnhcj8cv","fieldName":"status"}],[{"_typeName":"SpeciesStatus","id":"ck9f93bsndz8m0940p3f3gv6c"},{"_typeName":"Species","id":"ck9fbdbf7ecxk0940r8ln19jm","fieldName":"status"}],[{"_typeName":"SpeciesStatus","id":"ck9f93bsndz8m0940p3f3gv6c"},{"_typeName":"Species","id":"ck9fbdc72ilk90923gqp360s2","fieldName":"status"}],[{"_typeName":"SpeciesStatus","id":"ck9f93bsndz8m0940p3f3gv6c"},{"_typeName":"Species","id":"ck9fbdcyvilkg09234lwn4rba","fieldName":"status"}],[{"_typeName":"SpeciesStatus","id":"ck9f938rmia6a0923e3ph7gjt"},{"_typeName":"Species","id":"ck9fbddr1ecy50940om4131af","fieldName":"status"}],[{"_typeName":"SpeciesStatus","id":"ck9f938rmia6a0923e3ph7gjt"},{"_typeName":"Species","id":"ck9fbdej5ecyc0940o5784rvh","fieldName":"status"}],[{"_typeName":"SpeciesStatus","id":"ck9f93bsndz8m0940p3f3gv6c"},{"_typeName":"Species","id":"ck9fbdfbailkv0923r5ahtb9k","fieldName":"status"}],[{"_typeName":"SpeciesStatus","id":"ck9f938rmia6a0923e3ph7gjt"},{"_typeName":"Species","id":"ck9fbdg3eill20923uk3fwolx","fieldName":"status"}],[{"_typeName":"SpeciesStatus","id":"ck9f938rmia6a0923e3ph7gjt"},{"_typeName":"Species","id":"ck9fbdgvcecym0940yu6fwwbd","fieldName":"status"}],[{"_typeName":"SpeciesStatus","id":"ck9f93b0lia6z0923et8lo3yc"},{"_typeName":"Species","id":"ck9fbdhneilld092365fz2zk8","fieldName":"status"}],[{"_typeName":"SpeciesStatus","id":"ck9f938rmia6a0923e3ph7gjt"},{"_typeName":"Species","id":"ck9fbdif9ecz409405vbwd46t","fieldName":"status"}],[{"_typeName":"SpeciesStatus","id":"ck9f93b0lia6z0923et8lo3yc"},{"_typeName":"Species","id":"ck9fbdj72eczf0940efw24uj9","fieldName":"status"}],[{"_typeName":"SpeciesStatus","id":"ck9f938rmia6a0923e3ph7gjt"},{"_typeName":"Species","id":"ck9fbdjz7illq0923w4px1eoj","fieldName":"status"}],[{"_typeName":"SpeciesStatus","id":"ck9f93bsndz8m0940p3f3gv6c"},{"_typeName":"Species","id":"ck9fbdkr4eczs0940ewuk7vkq","fieldName":"status"}],[{"_typeName":"SpeciesStatus","id":"ck9f93bsndz8m0940p3f3gv6c"},{"_typeName":"Species","id":"ck9fbdlj8eczz0940vsnm5zz3","fieldName":"status"}],[{"_typeName":"SpeciesStatus","id":"ck9f93b0lia6z0923et8lo3yc"},{"_typeName":"Species","id":"ck9fbdmbaed0b09407wvxvxz1","fieldName":"status"}],[{"_typeName":"SpeciesStatus","id":"ck9f93bsndz8m0940p3f3gv6c"},{"_typeName":"Species","id":"ck9fbdn3film609232knxp4vx","fieldName":"status"}],[{"_typeName":"SpeciesStatus","id":"ck9f93b0lia6z0923et8lo3yc"},{"_typeName":"Species","id":"ck9fbdnveed0o0940uuhyj6kx","fieldName":"status"}],[{"_typeName":"SpeciesStatus","id":"ck9f938rmia6a0923e3ph7gjt"},{"_typeName":"Species","id":"ck9fbdonhilmh0923yuv175zn","fieldName":"status"}],[{"_typeName":"SpeciesStatus","id":"ck9f93bsndz8m0940p3f3gv6c"},{"_typeName":"Species","id":"ck9fbdpfked0v0940szitqaw3","fieldName":"status"}],[{"_typeName":"SpeciesStatus","id":"ck9f93bsndz8m0940p3f3gv6c"},{"_typeName":"Species","id":"ck9fbdq7oilmp0923t5pquzgq","fieldName":"status"}],[{"_typeName":"SpeciesStatus","id":"ck9f93bsndz8m0940p3f3gv6c"},{"_typeName":"Species","id":"ck9fbdqzsilmy0923jz23d1tz","fieldName":"status"}],[{"_typeName":"SpeciesStatus","id":"ck9f93bsndz8m0940p3f3gv6c"},{"_typeName":"Species","id":"ck9fbdrrzed1e0940of1qx9iy","fieldName":"status"}],[{"_typeName":"SpeciesStatus","id":"ck9f93b0lia6z0923et8lo3yc"},{"_typeName":"Species","id":"ck9fbdsjqed1l0940tsidobhf","fieldName":"status"}],[{"_typeName":"SpeciesStatus","id":"ck9f93bsndz8m0940p3f3gv6c"},{"_typeName":"Species","id":"ck9fbdtbwed1s0940gkxzhy9r","fieldName":"status"}],[{"_typeName":"SpeciesStatus","id":"ck9f93bsndz8m0940p3f3gv6c"},{"_typeName":"Species","id":"ck9fbdu3zilnd0923l7dt1b38","fieldName":"status"}],[{"_typeName":"SpeciesStatus","id":"ck9f93bsndz8m0940p3f3gv6c"},{"_typeName":"Species","id":"ck9fbdvo5ilnm0923nlrieqqa","fieldName":"status"}],[{"_typeName":"SpeciesStatus","id":"ck9f938rmia6a0923e3ph7gjt"},{"_typeName":"Species","id":"ck9fbdwg3ilnt0923ikghhxjq","fieldName":"status"}],[{"_typeName":"SpeciesStatus","id":"ck9f93bsndz8m0940p3f3gv6c"},{"_typeName":"Species","id":"ck9fbdx84ed2c0940p7z68v6f","fieldName":"status"}],[{"_typeName":"SpeciesStatus","id":"ck9f93bsndz8m0940p3f3gv6c"},{"_typeName":"Species","id":"ck9fbdy07ilo40923r2w7bgid","fieldName":"status"}],[{"_typeName":"SpeciesStatus","id":"ck9f93bsndz8m0940p3f3gv6c"},{"_typeName":"Species","id":"ck9fbdyrxed2r09404q1lmmgg","fieldName":"status"}],[{"_typeName":"SpeciesStatus","id":"ck9f93bsndz8m0940p3f3gv6c"},{"_typeName":"Species","id":"ck9fbdzjzed2y0940iq1f38mu","fieldName":"status"}],[{"_typeName":"SpeciesStatus","id":"ck9f938rmia6a0923e3ph7gjt"},{"_typeName":"Species","id":"ck9fbe0bziloh0923x51kpyio","fieldName":"status"}],[{"_typeName":"SpeciesStatus","id":"ck9f938rmia6a0923e3ph7gjt"},{"_typeName":"Species","id":"ck9fbe13viloq0923u4rw8x6o","fieldName":"status"}],[{"_typeName":"SpeciesStatus","id":"ck9f93bsndz8m0940p3f3gv6c"},{"_typeName":"Species","id":"ck9fbe1vsilox0923m54ut84y","fieldName":"status"}],[{"_typeName":"SpeciesStatus","id":"ck9f93cknia7h0923w78pkeb5"},{"_typeName":"Species","id":"ck9fbe2nved3l09408lvmbiph","fieldName":"status"}],[{"_typeName":"SpeciesStatus","id":"ck9f93bsndz8m0940p3f3gv6c"},{"_typeName":"Species","id":"ck9fbe3fted3s0940cw3kcev3","fieldName":"status"}],[{"_typeName":"SpeciesStatus","id":"ck9f93bsndz8m0940p3f3gv6c"},{"_typeName":"Species","id":"ck9fbe47zilp80923aq9mi9f7","fieldName":"status"}],[{"_typeName":"SpeciesStatus","id":"ck9f93a8mdz820940wycbqb52"},{"_typeName":"Species","id":"ck9fbe501ed45094024q088uo","fieldName":"status"}],[{"_typeName":"SpeciesStatus","id":"ck9f93cknia7h0923w78pkeb5"},{"_typeName":"Species","id":"ck9fbe5s1ed4e0940owf5y2yy","fieldName":"status"}],[{"_typeName":"SpeciesStatus","id":"ck9f93bsndz8m0940p3f3gv6c"},{"_typeName":"Species","id":"ck9fbe6k9ed4l09401li562es","fieldName":"status"}],[{"_typeName":"SpeciesStatus","id":"ck9f93bsndz8m0940p3f3gv6c"},{"_typeName":"Species","id":"ck9fbe7c8ilpq092325oaexhl","fieldName":"status"}],[{"_typeName":"SpeciesStatus","id":"ck9f93bsndz8m0940p3f3gv6c"},{"_typeName":"Species","id":"ck9fbe844ed4w0940b11yv1wg","fieldName":"status"}],[{"_typeName":"SpeciesStatus","id":"ck9f938rmia6a0923e3ph7gjt"},{"_typeName":"Species","id":"ck9fbe8w0ilpx0923c76keaf0","fieldName":"status"}],[{"_typeName":"SpeciesStatus","id":"ck9f93b0lia6z0923et8lo3yc"},{"_typeName":"Species","id":"ck9fbe9o1ilq609237h8yosk5","fieldName":"status"}],[{"_typeName":"SpeciesStatus","id":"ck9f93bsndz8m0940p3f3gv6c"},{"_typeName":"Species","id":"ck9fbeag0ilqd0923uwx4rity","fieldName":"status"}],[{"_typeName":"SpeciesStatus","id":"ck9f938rmia6a0923e3ph7gjt"},{"_typeName":"Species","id":"ck9fbeb86ilqk092377vcqs02","fieldName":"status"}],[{"_typeName":"SpeciesStatus","id":"ck9f938rmia6a0923e3ph7gjt"},{"_typeName":"Species","id":"ck9fbec04ilqt0923mzykh3yt","fieldName":"status"}],[{"_typeName":"SpeciesStatus","id":"ck9f93bsndz8m0940p3f3gv6c"},{"_typeName":"Species","id":"ck9fbecs5ed5o09408swwtana","fieldName":"status"}],[{"_typeName":"SpeciesStatus","id":"ck9f939gnia6j0923l0l6yn2i"},{"_typeName":"Species","id":"ck9fbedkbed5w0940cdpwfyid","fieldName":"status"}],[{"_typeName":"SpeciesStatus","id":"ck9f93bsndz8m0940p3f3gv6c"},{"_typeName":"Species","id":"ck9fbeec4ilr90923hnsvcj6l","fieldName":"status"}],[{"_typeName":"SpeciesStatus","id":"ck9f93a8mdz820940wycbqb52"},{"_typeName":"Species","id":"ck9fbef47ilrg0923e87dwxil","fieldName":"status"}],[{"_typeName":"SpeciesStatus","id":"ck9f93bsndz8m0940p3f3gv6c"},{"_typeName":"Species","id":"ck9fbefwded6g09401x9adss5","fieldName":"status"}],[{"_typeName":"SpeciesStatus","id":"ck9f93bsndz8m0940p3f3gv6c"},{"_typeName":"Species","id":"ck9fbegoeed6p094052av2osk","fieldName":"status"}],[{"_typeName":"SpeciesStatus","id":"ck9f93cknia7h0923w78pkeb5"},{"_typeName":"Species","id":"ck9fbehhmed6w0940sponnvgr","fieldName":"status"}],[{"_typeName":"SpeciesStatus","id":"ck9f93bsndz8m0940p3f3gv6c"},{"_typeName":"Species","id":"ck9fbei89ilrw0923h1xrzt7r","fieldName":"status"}],[{"_typeName":"SpeciesStatus","id":"ck9f93bsndz8m0940p3f3gv6c"},{"_typeName":"Species","id":"ck9fbej0aed7c09406ktzzckd","fieldName":"status"}],[{"_typeName":"SpeciesStatus","id":"ck9f93bsndz8m0940p3f3gv6c"},{"_typeName":"Species","id":"ck9fbejsbils70923ervf6sua","fieldName":"status"}],[{"_typeName":"SpeciesStatus","id":"ck9f93bsndz8m0940p3f3gv6c"},{"_typeName":"Species","id":"ck9fbekkjed7n0940pr415qn0","fieldName":"status"}],[{"_typeName":"SpeciesStatus","id":"ck9f93bsndz8m0940p3f3gv6c"},{"_typeName":"Species","id":"ck9fbelciilsh09232gfv4yxm","fieldName":"status"}],[{"_typeName":"SpeciesStatus","id":"ck9f93bsndz8m0940p3f3gv6c"},{"_typeName":"Species","id":"ck9fbem4med7w0940x3ptkhi6","fieldName":"status"}],[{"_typeName":"SpeciesStatus","id":"ck9f93bsndz8m0940p3f3gv6c"},{"_typeName":"Species","id":"ck9fbemwkilsq0923e2dt9690","fieldName":"status"}],[{"_typeName":"SpeciesStatus","id":"ck9f93b0lia6z0923et8lo3yc"},{"_typeName":"Species","id":"ck9fbenolilt10923jcjzihp0","fieldName":"status"}],[{"_typeName":"SpeciesStatus","id":"ck9f93b0lia6z0923et8lo3yc"},{"_typeName":"Species","id":"ck9fbeogeed8f0940ie0tmrdv","fieldName":"status"}],[{"_typeName":"SpeciesStatus","id":"ck9f93bsndz8m0940p3f3gv6c"},{"_typeName":"Species","id":"ck9fbep8ced8m0940ny0vk14w","fieldName":"status"}],[{"_typeName":"SpeciesStatus","id":"ck9f93bsndz8m0940p3f3gv6c"},{"_typeName":"Species","id":"ck9fbeq0jiltd0923ogniaps5","fieldName":"status"}],[{"_typeName":"SpeciesStatus","id":"ck9f93bsndz8m0940p3f3gv6c"},{"_typeName":"Species","id":"ck9fbeqsliltk0923jux17o7b","fieldName":"status"}],[{"_typeName":"SpeciesStatus","id":"ck9f93bsndz8m0940p3f3gv6c"},{"_typeName":"Species","id":"ck9fberkked900940loynavd6","fieldName":"status"}],[{"_typeName":"SpeciesStatus","id":"ck9f93bsndz8m0940p3f3gv6c"},{"_typeName":"Species","id":"ck9fbescniltx0923q1md9qau","fieldName":"status"}],[{"_typeName":"SpeciesStatus","id":"ck9f93bsndz8m0940p3f3gv6c"},{"_typeName":"Species","id":"ck9fbet4jilu409234if12kmh","fieldName":"status"}],[{"_typeName":"SpeciesStatus","id":"ck9f93bsndz8m0940p3f3gv6c"},{"_typeName":"Species","id":"ck9fbetwped9h0940qgslto5v","fieldName":"status"}],[{"_typeName":"SpeciesStatus","id":"ck9f93bsndz8m0940p3f3gv6c"},{"_typeName":"Species","id":"ck9fbeuopiluf0923dlylbeyw","fieldName":"status"}],[{"_typeName":"SpeciesStatus","id":"ck9f93bsndz8m0940p3f3gv6c"},{"_typeName":"Species","id":"ck9fbevgsilun0923imvl8djp","fieldName":"status"}],[{"_typeName":"SpeciesStatus","id":"ck9f93bsndz8m0940p3f3gv6c"},{"_typeName":"Species","id":"ck9fbew8uiluu09235d8li10d","fieldName":"status"}],[{"_typeName":"SpeciesStatus","id":"ck9f93bsndz8m0940p3f3gv6c"},{"_typeName":"Species","id":"ck9fbex0reda60940kp62wa5s","fieldName":"status"}],[{"_typeName":"SpeciesStatus","id":"ck9f93bsndz8m0940p3f3gv6c"},{"_typeName":"Species","id":"ck9fbexsxilv70923g0jau2gg","fieldName":"status"}],[{"_typeName":"SpeciesStatus","id":"ck9f93bsndz8m0940p3f3gv6c"},{"_typeName":"Species","id":"ck9fbeykuedaf0940mhnk7ejc","fieldName":"status"}],[{"_typeName":"SpeciesStatus","id":"ck9f93bsndz8m0940p3f3gv6c"},{"_typeName":"Species","id":"ck9fbezcxedam09407hebcjvp","fieldName":"status"}],[{"_typeName":"SpeciesStatus","id":"ck9f93bsndz8m0940p3f3gv6c"},{"_typeName":"Species","id":"ck9fbf04zilvg09239mpwo1g6","fieldName":"status"}],[{"_typeName":"SpeciesStatus","id":"ck9f938rmia6a0923e3ph7gjt"},{"_typeName":"Species","id":"ck9fbf0wwilvp0923x5oxiyi2","fieldName":"status"}],[{"_typeName":"SpeciesStatus","id":"ck9f93b0lia6z0923et8lo3yc"},{"_typeName":"Species","id":"ck9fbf1oyedb30940gol6ghqf","fieldName":"status"}],[{"_typeName":"SpeciesStatus","id":"ck9f93cknia7h0923w78pkeb5"},{"_typeName":"Species","id":"ck9fbf2gxilw00923fv2we6pl","fieldName":"status"}],[{"_typeName":"SpeciesStatus","id":"ck9f93cknia7h0923w78pkeb5"},{"_typeName":"Species","id":"ck9fbf38vilw90923nm8fprze","fieldName":"status"}],[{"_typeName":"SpeciesStatus","id":"ck9f93bsndz8m0940p3f3gv6c"},{"_typeName":"Species","id":"ck9fbf40uilwi0923jw1iqmcj","fieldName":"status"}],[{"_typeName":"SpeciesStatus","id":"ck9f93bsndz8m0940p3f3gv6c"},{"_typeName":"Species","id":"ck9fbf4suedbj09405ngr3o1z","fieldName":"status"}],[{"_typeName":"SpeciesStatus","id":"ck9f93bsndz8m0940p3f3gv6c"},{"_typeName":"Species","id":"ck9fbf5ktilwr0923xi3zynd4","fieldName":"status"}],[{"_typeName":"SpeciesStatus","id":"ck9f93b0lia6z0923et8lo3yc"},{"_typeName":"Species","id":"ck9fbf6d3edbw0940zk8c1w1n","fieldName":"status"}],[{"_typeName":"SpeciesStatus","id":"ck9f93bsndz8m0940p3f3gv6c"},{"_typeName":"Species","id":"ck9fbf751ilx20923vti2gzfg","fieldName":"status"}],[{"_typeName":"SpeciesStatus","id":"ck9f93bsndz8m0940p3f3gv6c"},{"_typeName":"Species","id":"ck9fbf7x2edc50940h0mvzfkb","fieldName":"status"}],[{"_typeName":"SpeciesStatus","id":"ck9f939gnia6j0923l0l6yn2i"},{"_typeName":"Species","id":"ck9fbf8p8ilxb0923gh0700vd","fieldName":"status"}],[{"_typeName":"SpeciesStatus","id":"ck9f93bsndz8m0940p3f3gv6c"},{"_typeName":"Species","id":"ck9fbf9h3edce0940a97e1b3m","fieldName":"status"}],[{"_typeName":"SpeciesStatus","id":"ck9f93bsndz8m0940p3f3gv6c"},{"_typeName":"Species","id":"ck9fbfa98ilxk0923xox8s6je","fieldName":"status"}],[{"_typeName":"SpeciesStatus","id":"ck9f93bsndz8m0940p3f3gv6c"},{"_typeName":"Species","id":"ck9fbfb10edcu0940bbo5s8hq","fieldName":"status"}],[{"_typeName":"SpeciesStatus","id":"ck9f938rmia6a0923e3ph7gjt"},{"_typeName":"Species","id":"ck9fbfbt4ilxx0923xf2wk6jz","fieldName":"status"}],[{"_typeName":"SpeciesStatus","id":"ck9f938rmia6a0923e3ph7gjt"},{"_typeName":"Species","id":"ck9fbfclaedd50940s454alpx","fieldName":"status"}],[{"_typeName":"SpeciesStatus","id":"ck9f938rmia6a0923e3ph7gjt"},{"_typeName":"Species","id":"ck9fbfddceddc0940hcfe85yf","fieldName":"status"}],[{"_typeName":"SpeciesStatus","id":"ck9f938rmia6a0923e3ph7gjt"},{"_typeName":"Species","id":"ck9fbfe5bily709235dnoeb7u","fieldName":"status"}],[{"_typeName":"SpeciesStatus","id":"ck9f93bsndz8m0940p3f3gv6c"},{"_typeName":"Species","id":"ck9fbfexdeddm09402nznos0y","fieldName":"status"}],[{"_typeName":"SpeciesStatus","id":"ck9f938rmia6a0923e3ph7gjt"},{"_typeName":"Species","id":"ck9fbffpgilyi09237je3ezf4","fieldName":"status"}],[{"_typeName":"SpeciesStatus","id":"ck9f939gnia6j0923l0l6yn2i"},{"_typeName":"Species","id":"ck9fbfghhede109407ez6lzxg","fieldName":"status"}],[{"_typeName":"SpeciesStatus","id":"ck9f938rmia6a0923e3ph7gjt"},{"_typeName":"Species","id":"ck9fbfh9pilyt0923cdtmy2ag","fieldName":"status"}],[{"_typeName":"SpeciesStatus","id":"ck9f93cknia7h0923w78pkeb5"},{"_typeName":"Species","id":"ck9fbfi1nilz00923gfdmrgtu","fieldName":"status"}],[{"_typeName":"SpeciesStatus","id":"ck9f938rmia6a0923e3ph7gjt"},{"_typeName":"Species","id":"ck9fbfitqilzb0923uh9y544k","fieldName":"status"}],[{"_typeName":"SpeciesStatus","id":"ck9f93bsndz8m0940p3f3gv6c"},{"_typeName":"Species","id":"ck9fbfjlledef09406sm7ymqm","fieldName":"status"}],[{"_typeName":"SpeciesStatus","id":"ck9f93bsndz8m0940p3f3gv6c"},{"_typeName":"Species","id":"ck9fbfkdmilzl0923oymyk9li","fieldName":"status"}],[{"_typeName":"SpeciesStatus","id":"ck9f93a8mdz820940wycbqb52"},{"_typeName":"Species","id":"ck9fbfl5kedev0940vrc3kh5p","fieldName":"status"}],[{"_typeName":"SpeciesStatus","id":"ck9f93bsndz8m0940p3f3gv6c"},{"_typeName":"Species","id":"ck9fbflxpilzu0923erl250dm","fieldName":"status"}],[{"_typeName":"SpeciesStatus","id":"ck9f938rmia6a0923e3ph7gjt"},{"_typeName":"Species","id":"ck9fbfmptim050923k2e4mdfh","fieldName":"status"}],[{"_typeName":"SpeciesStatus","id":"ck9f93bsndz8m0940p3f3gv6c"},{"_typeName":"Species","id":"ck9fbfnhvedf90940vgkpqv03","fieldName":"status"}],[{"_typeName":"SpeciesStatus","id":"ck9f938rmia6a0923e3ph7gjt"},{"_typeName":"Species","id":"ck9fbfo9sim0e0923k92u1uwi","fieldName":"status"}],[{"_typeName":"SpeciesStatus","id":"ck9f938rmia6a0923e3ph7gjt"},{"_typeName":"Species","id":"ck9fbfp1oim0n09234fhz3ltl","fieldName":"status"}],[{"_typeName":"SpeciesStatus","id":"ck9f938rmia6a0923e3ph7gjt"},{"_typeName":"Species","id":"ck9fbfptmedfr0940hit2h1qx","fieldName":"status"}],[{"_typeName":"SpeciesStatus","id":"ck9f93bsndz8m0940p3f3gv6c"},{"_typeName":"Species","id":"ck9fbfqljedg10940661l9rnl","fieldName":"status"}],[{"_typeName":"SpeciesStatus","id":"ck9f938rmia6a0923e3ph7gjt"},{"_typeName":"Species","id":"ck9fbfrdiim110923i15toofz","fieldName":"status"}],[{"_typeName":"SpeciesStatus","id":"ck9f939gnia6j0923l0l6yn2i"},{"_typeName":"Species","id":"ck9fbfs5dedg9094008wb3cgf","fieldName":"status"}],[{"_typeName":"SpeciesStatus","id":"ck9f939gnia6j0923l0l6yn2i"},{"_typeName":"Species","id":"ck9fbfsxbim1a0923jjfru237","fieldName":"status"}],[{"_typeName":"SpeciesStatus","id":"ck9f939gnia6j0923l0l6yn2i"},{"_typeName":"Species","id":"ck9fbftp7edgo0940pdx4lt6y","fieldName":"status"}],[{"_typeName":"SpeciesStatus","id":"ck9f93bsndz8m0940p3f3gv6c"},{"_typeName":"Species","id":"ck9fbfuhhim1m0923ba784jgx","fieldName":"status"}],[{"_typeName":"SpeciesStatus","id":"ck9f93bsndz8m0940p3f3gv6c"},{"_typeName":"Species","id":"ck9fbfv92im1t0923srzve0b8","fieldName":"status"}],[{"_typeName":"SpeciesStatus","id":"ck9f93bsndz8m0940p3f3gv6c"},{"_typeName":"Species","id":"ck9fbfw16edgz094055kuolwx","fieldName":"status"}],[{"_typeName":"SpeciesStatus","id":"ck9f93bsndz8m0940p3f3gv6c"},{"_typeName":"Species","id":"ck9fbfwt8im220923e61gns3g","fieldName":"status"}],[{"_typeName":"SpeciesStatus","id":"ck9f938rmia6a0923e3ph7gjt"},{"_typeName":"Species","id":"ck9fbfxl8edh909401g55xtx7","fieldName":"status"}],[{"_typeName":"SpeciesStatus","id":"ck9f938rmia6a0923e3ph7gjt"},{"_typeName":"Species","id":"ck9fbfyd8edhm09404pbda1gi","fieldName":"status"}],[{"_typeName":"SpeciesStatus","id":"ck9f93bsndz8m0940p3f3gv6c"},{"_typeName":"Species","id":"ck9fbfz5eim2h0923e6cvifqs","fieldName":"status"}],[{"_typeName":"SpeciesStatus","id":"ck9f93bsndz8m0940p3f3gv6c"},{"_typeName":"Species","id":"ck9fbfzxbedhw0940ee8ddu5z","fieldName":"status"}],[{"_typeName":"SpeciesStatus","id":"ck9f938rmia6a0923e3ph7gjt"},{"_typeName":"Species","id":"ck9fbg0pbim2q092361xkcqvs","fieldName":"status"}],[{"_typeName":"SpeciesStatus","id":"ck9f938rmia6a0923e3ph7gjt"},{"_typeName":"Species","id":"ck9fbg1hcim2x0923qqq0zbrh","fieldName":"status"}],[{"_typeName":"SpeciesStatus","id":"ck9f938rmia6a0923e3ph7gjt"},{"_typeName":"Species","id":"ck9fbg29aim340923yjmzwnzp","fieldName":"status"}],[{"_typeName":"SpeciesStatus","id":"ck9f939gnia6j0923l0l6yn2i"},{"_typeName":"Species","id":"ck9fbg31fim3f0923t9jmopwm","fieldName":"status"}],[{"_typeName":"SpeciesStatus","id":"ck9f93bsndz8m0940p3f3gv6c"},{"_typeName":"Species","id":"ck9fbg3tfedij0940gijpvovx","fieldName":"status"}],[{"_typeName":"SpeciesStatus","id":"ck9f93bsndz8m0940p3f3gv6c"},{"_typeName":"Species","id":"ck9fbg4lhim3m09231i3li2r4","fieldName":"status"}],[{"_typeName":"SpeciesStatus","id":"ck9f93bsndz8m0940p3f3gv6c"},{"_typeName":"Species","id":"ck9fbg5e5ediy0940h855khmf","fieldName":"status"}],[{"_typeName":"SpeciesStatus","id":"ck9f93bsndz8m0940p3f3gv6c"},{"_typeName":"Species","id":"ck9fbg65lim3y09239unr0ari","fieldName":"status"}],[{"_typeName":"SpeciesStatus","id":"ck9f93bsndz8m0940p3f3gv6c"},{"_typeName":"Species","id":"ck9fbg6xgim4509231wgm4wct","fieldName":"status"}],[{"_typeName":"SpeciesStatus","id":"ck9f93bsndz8m0940p3f3gv6c"},{"_typeName":"Species","id":"ck9fbg7pgedji0940eag3xifn","fieldName":"status"}],[{"_typeName":"SpeciesStatus","id":"ck9f938rmia6a0923e3ph7gjt"},{"_typeName":"Species","id":"ck9fbg8hkedjq0940wglbxfhn","fieldName":"status"}],[{"_typeName":"SpeciesStatus","id":"ck9f93b0lia6z0923et8lo3yc"},{"_typeName":"Species","id":"ck9fbg99pedjy0940m38votfc","fieldName":"status"}],[{"_typeName":"SpeciesStatus","id":"ck9f938rmia6a0923e3ph7gjt"},{"_typeName":"Species","id":"ck9fbga1vim4k0923gnsxtw4x","fieldName":"status"}],[{"_typeName":"SpeciesStatus","id":"ck9f93b0lia6z0923et8lo3yc"},{"_typeName":"Species","id":"ck9fbgatvedk70940xj772zmd","fieldName":"status"}],[{"_typeName":"SpeciesStatus","id":"ck9f938rmia6a0923e3ph7gjt"},{"_typeName":"Species","id":"ck9fbgbltedkh0940mznls0f3","fieldName":"status"}],[{"_typeName":"SpeciesStatus","id":"ck9f938rmia6a0923e3ph7gjt"},{"_typeName":"Species","id":"ck9fbgcduedkr09408paxx6ai","fieldName":"status"}],[{"_typeName":"SpeciesStatus","id":"ck9f93bsndz8m0940p3f3gv6c"},{"_typeName":"Species","id":"ck9fbgd5uim4v0923tou8q9q9","fieldName":"status"}],[{"_typeName":"SpeciesStatus","id":"ck9f939gnia6j0923l0l6yn2i"},{"_typeName":"Species","id":"ck9fbgdxuim560923ekid42iu","fieldName":"status"}],[{"_typeName":"SpeciesStatus","id":"ck9f93bsndz8m0940p3f3gv6c"},{"_typeName":"Species","id":"ck9fbgeq0edl20940i9wnfgdd","fieldName":"status"}],[{"_typeName":"SpeciesStatus","id":"ck9f939gnia6j0923l0l6yn2i"},{"_typeName":"Species","id":"ck9fbgfhzedla0940wx131ago","fieldName":"status"}],[{"_typeName":"SpeciesStatus","id":"ck9f939gnia6j0923l0l6yn2i"},{"_typeName":"Species","id":"ck9fbgga3edlk0940rnq1mjd7","fieldName":"status"}],[{"_typeName":"SpeciesStatus","id":"ck9f939gnia6j0923l0l6yn2i"},{"_typeName":"Species","id":"ck9fbgh20edlu0940hg4xu5x3","fieldName":"status"}],[{"_typeName":"SpeciesStatus","id":"ck9f939gnia6j0923l0l6yn2i"},{"_typeName":"Species","id":"ck9fbghu4edm10940d7a141ok","fieldName":"status"}],[{"_typeName":"SpeciesStatus","id":"ck9f939gnia6j0923l0l6yn2i"},{"_typeName":"Species","id":"ck9fbgim7edm809402w9yr5m1","fieldName":"status"}],[{"_typeName":"SpeciesStatus","id":"ck9f93bsndz8m0940p3f3gv6c"},{"_typeName":"Species","id":"ck9fbgje5im5p09235vesgwtj","fieldName":"status"}],[{"_typeName":"SpeciesStatus","id":"ck9f93bsndz8m0940p3f3gv6c"},{"_typeName":"Species","id":"ck9fbgk6bedmh0940eoanujr8","fieldName":"status"}],[{"_typeName":"SpeciesStatus","id":"ck9f939gnia6j0923l0l6yn2i"},{"_typeName":"Species","id":"ck9fbgky4im600923orvtae4h","fieldName":"status"}],[{"_typeName":"SpeciesStatus","id":"ck9f93bsndz8m0940p3f3gv6c"},{"_typeName":"Species","id":"ck9fbglqbedmy0940jaaqmz0j","fieldName":"status"}],[{"_typeName":"SpeciesStatus","id":"ck9f938rmia6a0923e3ph7gjt"},{"_typeName":"Species","id":"ck9fbgmidedn50940brbqq0jw","fieldName":"status"}],[{"_typeName":"SpeciesStatus","id":"ck9f93bsndz8m0940p3f3gv6c"},{"_typeName":"Species","id":"ck9fbgngyednf09403yu6jj8f","fieldName":"status"}],[{"_typeName":"SpeciesStatus","id":"ck9f93bsndz8m0940p3f3gv6c"},{"_typeName":"Species","id":"ck9fbgo2gim6d0923fqtvi15r","fieldName":"status"}],[{"_typeName":"SpeciesStatus","id":"ck9f93bsndz8m0940p3f3gv6c"},{"_typeName":"Species","id":"ck9fbgougednm09405ug6je2s","fieldName":"status"}],[{"_typeName":"SpeciesStatus","id":"ck9f938rmia6a0923e3ph7gjt"},{"_typeName":"Species","id":"ck9fbgpmgednz09406gmm41ua","fieldName":"status"}],[{"_typeName":"SpeciesStatus","id":"ck9f93bsndz8m0940p3f3gv6c"},{"_typeName":"Species","id":"ck9fbgqeledo60940famexkv3","fieldName":"status"}],[{"_typeName":"SpeciesStatus","id":"ck9f93bsndz8m0940p3f3gv6c"},{"_typeName":"Species","id":"ck9fbgr6iim6s0923div2zioj","fieldName":"status"}],[{"_typeName":"SpeciesStatus","id":"ck9f938rmia6a0923e3ph7gjt"},{"_typeName":"Species","id":"ck9fbgryjim710923d0gg9lps","fieldName":"status"}],[{"_typeName":"SpeciesStatus","id":"ck9f938rmia6a0923e3ph7gjt"},{"_typeName":"Species","id":"ck9fbgsqoim780923pf9zfas5","fieldName":"status"}],[{"_typeName":"SpeciesStatus","id":"ck9f938rmia6a0923e3ph7gjt"},{"_typeName":"Species","id":"ck9fbgtimedok0940u5m8skze","fieldName":"status"}],[{"_typeName":"SpeciesStatus","id":"ck9f938rmia6a0923e3ph7gjt"},{"_typeName":"Species","id":"ck9fbguamim7j0923d5qkbj5m","fieldName":"status"}],[{"_typeName":"SpeciesStatus","id":"ck9f938rmia6a0923e3ph7gjt"},{"_typeName":"Species","id":"ck9fbgv2nedoy0940jmqd92p8","fieldName":"status"}],[{"_typeName":"SpeciesStatus","id":"ck9f93bsndz8m0940p3f3gv6c"},{"_typeName":"Species","id":"ck9fbgvuoedp50940pjnl16n9","fieldName":"status"}],[{"_typeName":"SpeciesStatus","id":"ck9f938rmia6a0923e3ph7gjt"},{"_typeName":"Species","id":"ck9fbgwriim7y0923ic03tc54","fieldName":"status"}],[{"_typeName":"SpeciesStatus","id":"ck9f938rmia6a0923e3ph7gjt"},{"_typeName":"Species","id":"ck9fbgxhkedpi0940qvy7orow","fieldName":"status"}],[{"_typeName":"SpeciesStatus","id":"ck9f938rmia6a0923e3ph7gjt"},{"_typeName":"Species","id":"ck9fbgy91edpp09406ock1so1","fieldName":"status"}],[{"_typeName":"SpeciesStatus","id":"ck9f938rmia6a0923e3ph7gjt"},{"_typeName":"Species","id":"ck9fbgz0kedq40940p8ukmw7o","fieldName":"status"}],[{"_typeName":"SpeciesStatus","id":"ck9f938rmia6a0923e3ph7gjt"},{"_typeName":"Species","id":"ck9fbgzqnim8d0923kvislen5","fieldName":"status"}],[{"_typeName":"SpeciesStatus","id":"ck9f93cknia7h0923w78pkeb5"},{"_typeName":"Species","id":"ck9fbh0ivedqh0940rm2adbv9","fieldName":"status"}],[{"_typeName":"SpeciesStatus","id":"ck9f938rmia6a0923e3ph7gjt"},{"_typeName":"Species","id":"ck9fbh1asedqr0940d5x1ahvw","fieldName":"status"}],[{"_typeName":"SpeciesStatus","id":"ck9f938rmia6a0923e3ph7gjt"},{"_typeName":"Species","id":"ck9fbh22xedqz0940cw3tj2dp","fieldName":"status"}],[{"_typeName":"SpeciesStatus","id":"ck9f93bsndz8m0940p3f3gv6c"},{"_typeName":"Species","id":"ck9fbh2uxedr80940aysepg9k","fieldName":"status"}],[{"_typeName":"SpeciesStatus","id":"ck9f938rmia6a0923e3ph7gjt"},{"_typeName":"Species","id":"ck9fbh3mxedro0940llhqr38p","fieldName":"status"}],[{"_typeName":"SpeciesStatus","id":"ck9f93bsndz8m0940p3f3gv6c"},{"_typeName":"Species","id":"ck9fbh4ezedrv0940vtsf65z5","fieldName":"status"}],[{"_typeName":"SpeciesStatus","id":"ck9f938rmia6a0923e3ph7gjt"},{"_typeName":"Species","id":"ck9fbh56xeds20940st5n3x13","fieldName":"status"}],[{"_typeName":"SpeciesStatus","id":"ck9f938rmia6a0923e3ph7gjt"},{"_typeName":"Species","id":"ck9fbh5yyeds90940xkszd5ou","fieldName":"status"}],[{"_typeName":"SpeciesStatus","id":"ck9f93b0lia6z0923et8lo3yc"},{"_typeName":"Species","id":"ck9fbh6qwim96092329kau0tf","fieldName":"status"}],[{"_typeName":"SpeciesStatus","id":"ck9f93bsndz8m0940p3f3gv6c"},{"_typeName":"Species","id":"ck9fbh7j3im9f0923y1fvchlq","fieldName":"status"}],[{"_typeName":"SpeciesStatus","id":"ck9f93bsndz8m0940p3f3gv6c"},{"_typeName":"Species","id":"ck9fbh8awim9p0923guxqlhhc","fieldName":"status"}],[{"_typeName":"SpeciesStatus","id":"ck9f93bsndz8m0940p3f3gv6c"},{"_typeName":"Species","id":"ck9fbh933edsr0940agm1s8np","fieldName":"status"}],[{"_typeName":"SpeciesStatus","id":"ck9f938rmia6a0923e3ph7gjt"},{"_typeName":"Species","id":"ck9fbh9uzima00923gvcyx54l","fieldName":"status"}],[{"_typeName":"SpeciesStatus","id":"ck9f93bsndz8m0940p3f3gv6c"},{"_typeName":"Species","id":"ck9fbhan3edt30940l281kd1f","fieldName":"status"}],[{"_typeName":"SpeciesStatus","id":"ck9f938rmia6a0923e3ph7gjt"},{"_typeName":"Species","id":"ck9fbhbezedta0940hntthqkl","fieldName":"status"}],[{"_typeName":"SpeciesStatus","id":"ck9f93bsndz8m0940p3f3gv6c"},{"_typeName":"Species","id":"ck9fbhc72imac0923lx7fyi6d","fieldName":"status"}],[{"_typeName":"SpeciesStatus","id":"ck9f93bsndz8m0940p3f3gv6c"},{"_typeName":"Species","id":"ck9fbn2qgimx40923279ebqk5","fieldName":"status"}],[{"_typeName":"SpeciesStatus","id":"ck9f93b0lia6z0923et8lo3yc"},{"_typeName":"Species","id":"ck9fbsnw6in9m0923aoyg80ui","fieldName":"status"}],[{"_typeName":"SpeciesStatus","id":"ck9f93bsndz8m0940p3f3gv6c"},{"_typeName":"Species","id":"ck9fbsnw6in9m0923aoyg80ui","fieldName":"status"}],[{"_typeName":"SpeciesStatus","id":"ck9f93b0lia6z0923et8lo3yc"},{"_typeName":"Species","id":"ck9fbtv8mef8t09403pf697pf","fieldName":"status"}],[{"_typeName":"SpeciesStatus","id":"ck9f93dckdz970940oqfh9hfx"},{"_typeName":"Species","id":"ck9fbtv8mef8t09403pf697pf","fieldName":"status"}],[{"_typeName":"SpeciesStatus","id":"ck9f93b0lia6z0923et8lo3yc"},{"_typeName":"Species","id":"ck9fbv3ezingw0923tjvagckv","fieldName":"status"}],[{"_typeName":"SpeciesStatus","id":"ck9f93bsndz8m0940p3f3gv6c"},{"_typeName":"Species","id":"ck9fbv3ezingw0923tjvagckv","fieldName":"status"}],[{"_typeName":"SpeciesStatus","id":"ck9f93b0lia6z0923et8lo3yc"},{"_typeName":"Species","id":"ck9fbvjlsefg00940te1t5bjw","fieldName":"status"}],[{"_typeName":"SpeciesStatus","id":"ck9f93bsndz8m0940p3f3gv6c"},{"_typeName":"Species","id":"ck9fbvjlsefg00940te1t5bjw","fieldName":"status"}],[{"_typeName":"SpeciesStatus","id":"ck9f93a8mdz820940wycbqb52"},{"_typeName":"Species","id":"ck9fbwrm1eflg0940fwwmvlb0","fieldName":"status"}],[{"_typeName":"SpeciesStatus","id":"ck9f93bsndz8m0940p3f3gv6c"},{"_typeName":"Species","id":"ck9fbwrm1eflg0940fwwmvlb0","fieldName":"status"}],[{"_typeName":"SpeciesStatus","id":"ck9f93b0lia6z0923et8lo3yc"},{"_typeName":"Species","id":"ck9fby62nio2l0923iw7emtqi","fieldName":"status"}],[{"_typeName":"SpeciesStatus","id":"ck9f93bsndz8m0940p3f3gv6c"},{"_typeName":"Species","id":"ck9fby62nio2l0923iw7emtqi","fieldName":"status"}],[{"_typeName":"SpeciesStatus","id":"ck9f93b0lia6z0923et8lo3yc"},{"_typeName":"Species","id":"ck9fbz11yio9q0923c6p6ba8j","fieldName":"status"}],[{"_typeName":"SpeciesStatus","id":"ck9f93bsndz8m0940p3f3gv6c"},{"_typeName":"Species","id":"ck9fbz11yio9q0923c6p6ba8j","fieldName":"status"}],[{"_typeName":"SpeciesStatus","id":"ck9f93b0lia6z0923et8lo3yc"},{"_typeName":"Species","id":"ck9fbza7uegdg0940h906rv7r","fieldName":"status"}],[{"_typeName":"SpeciesStatus","id":"ck9f93bsndz8m0940p3f3gv6c"},{"_typeName":"Species","id":"ck9fbza7uegdg0940h906rv7r","fieldName":"status"}],[{"_typeName":"SpeciesStatus","id":"ck9f93b0lia6z0923et8lo3yc"},{"_typeName":"Species","id":"ck9fbzggyiod60923n69l122b","fieldName":"status"}],[{"_typeName":"SpeciesStatus","id":"ck9f93bsndz8m0940p3f3gv6c"},{"_typeName":"Species","id":"ck9fbzggyiod60923n69l122b","fieldName":"status"}],[{"_typeName":"SpeciesStatus","id":"ck9f93b0lia6z0923et8lo3yc"},{"_typeName":"Species","id":"ck9fbzkwzioe809239qr1ju7k","fieldName":"status"}],[{"_typeName":"SpeciesStatus","id":"ck9f93bsndz8m0940p3f3gv6c"},{"_typeName":"Species","id":"ck9fbzkwzioe809239qr1ju7k","fieldName":"status"}],[{"_typeName":"SpeciesStatus","id":"ck9f93b0lia6z0923et8lo3yc"},{"_typeName":"Species","id":"ck9fbzt7vegi509406odpddmj","fieldName":"status"}],[{"_typeName":"SpeciesStatus","id":"ck9f93bsndz8m0940p3f3gv6c"},{"_typeName":"Species","id":"ck9fbzt7vegi509406odpddmj","fieldName":"status"}],[{"_typeName":"Species","id":"ck9fbctklecu009400v5fdeot","fieldName":"class"},{"_typeName":"Class","id":"ck9f9aaynibtf0923697lm5qf"}],[{"_typeName":"Species","id":"ck9fbcuaailge0923uutoxlpl","fieldName":"class"},{"_typeName":"Class","id":"ck9f9aaynibtf0923697lm5qf"}],[{"_typeName":"Species","id":"ck9fbcv2ailgn09231ef9ct5g","fieldName":"class"},{"_typeName":"Class","id":"ck9f9aaynibtf0923697lm5qf"}],[{"_typeName":"Species","id":"ck9fbcvucilgu0923eplg32dl","fieldName":"class"},{"_typeName":"Class","id":"ck9f9aaynibtf0923697lm5qf"}],[{"_typeName":"Species","id":"ck9fbcwmgecui0940l0xk56r8","fieldName":"class"},{"_typeName":"Class","id":"ck9f9aaynibtf0923697lm5qf"}],[{"_typeName":"Species","id":"ck9fbcxemilh30923lv1juxjr","fieldName":"class"},{"_typeName":"Class","id":"ck9f9aaynibtf0923697lm5qf"}],[{"_typeName":"Species","id":"ck9fbcy6secur0940y3jqjkyl","fieldName":"class"},{"_typeName":"Class","id":"ck9f9aaynibtf0923697lm5qf"}],[{"_typeName":"Species","id":"ck9fbcyysilhe0923vyvuo6zh","fieldName":"class"},{"_typeName":"Class","id":"ck9f9aaynibtf0923697lm5qf"}],[{"_typeName":"Species","id":"ck9fbczqpilhn0923wcyhcjbf","fieldName":"class"},{"_typeName":"Class","id":"ck9f9aaynibtf0923697lm5qf"}],[{"_typeName":"Species","id":"ck9fbd0ivecvb0940wnziybf9","fieldName":"class"},{"_typeName":"Class","id":"ck9f9aaynibtf0923697lm5qf"}],[{"_typeName":"Species","id":"ck9fbd1b0ilhw0923zbl08vwn","fieldName":"class"},{"_typeName":"Class","id":"ck9f9aaynibtf0923697lm5qf"}],[{"_typeName":"Species","id":"ck9fbd22vili8092304nrgnc6","fieldName":"class"},{"_typeName":"Class","id":"ck9f9aaynibtf0923697lm5qf"}],[{"_typeName":"Species","id":"ck9fbd2utilii0923ame7851z","fieldName":"class"},{"_typeName":"Class","id":"ck9f9aaynibtf0923697lm5qf"}],[{"_typeName":"Species","id":"ck9fbd3n0ecvs09406w62kz4s","fieldName":"class"},{"_typeName":"Class","id":"ck9f9aaynibtf0923697lm5qf"}],[{"_typeName":"Species","id":"ck9fbd4f0ecw7094038t1opaj","fieldName":"class"},{"_typeName":"Class","id":"ck9f9aaynibtf0923697lm5qf"}],[{"_typeName":"Species","id":"ck9fbd56zilit0923lb5ok107","fieldName":"class"},{"_typeName":"Class","id":"ck9f9aaynibtf0923697lm5qf"}],[{"_typeName":"Species","id":"ck9fbd5z4ilj40923ni2em5b8","fieldName":"class"},{"_typeName":"Class","id":"ck9f9aaynibtf0923697lm5qf"}],[{"_typeName":"Species","id":"ck9fbd6r4ecwk0940di7j5rlc","fieldName":"class"},{"_typeName":"Class","id":"ck9f9aaynibtf0923697lm5qf"}],[{"_typeName":"Species","id":"ck9fbd7j4iljd0923oaowb93i","fieldName":"class"},{"_typeName":"Class","id":"ck9f9aaynibtf0923697lm5qf"}],[{"_typeName":"Species","id":"ck9fbd8bdiljl0923672aue1c","fieldName":"class"},{"_typeName":"Class","id":"ck9f9aaynibtf0923697lm5qf"}],[{"_typeName":"Species","id":"ck9fbd933ecx40940iomxnmhb","fieldName":"class"},{"_typeName":"Class","id":"ck9f9aaynibtf0923697lm5qf"}],[{"_typeName":"Species","id":"ck9fbd9v7ecxb0940qda1mom1","fieldName":"class"},{"_typeName":"Class","id":"ck9f9aaynibtf0923697lm5qf"}],[{"_typeName":"Species","id":"ck9fbdan1iljy0923gnhcj8cv","fieldName":"class"},{"_typeName":"Class","id":"ck9f9aaynibtf0923697lm5qf"}],[{"_typeName":"Species","id":"ck9fbdbf7ecxk0940r8ln19jm","fieldName":"class"},{"_typeName":"Class","id":"ck9f9aaynibtf0923697lm5qf"}],[{"_typeName":"Species","id":"ck9fbdc72ilk90923gqp360s2","fieldName":"class"},{"_typeName":"Class","id":"ck9f9aaynibtf0923697lm5qf"}],[{"_typeName":"Species","id":"ck9fbdcyvilkg09234lwn4rba","fieldName":"class"},{"_typeName":"Class","id":"ck9f9aaynibtf0923697lm5qf"}],[{"_typeName":"Species","id":"ck9fbddr1ecy50940om4131af","fieldName":"class"},{"_typeName":"Class","id":"ck9f9aaynibtf0923697lm5qf"}],[{"_typeName":"Species","id":"ck9fbdej5ecyc0940o5784rvh","fieldName":"class"},{"_typeName":"Class","id":"ck9f9aaynibtf0923697lm5qf"}],[{"_typeName":"Species","id":"ck9fbdfbailkv0923r5ahtb9k","fieldName":"class"},{"_typeName":"Class","id":"ck9f9aaynibtf0923697lm5qf"}],[{"_typeName":"Species","id":"ck9fbdg3eill20923uk3fwolx","fieldName":"class"},{"_typeName":"Class","id":"ck9f9aaynibtf0923697lm5qf"}],[{"_typeName":"Species","id":"ck9fbdgvcecym0940yu6fwwbd","fieldName":"class"},{"_typeName":"Class","id":"ck9f9aaynibtf0923697lm5qf"}],[{"_typeName":"Species","id":"ck9fbdhneilld092365fz2zk8","fieldName":"class"},{"_typeName":"Class","id":"ck9f9aaynibtf0923697lm5qf"}],[{"_typeName":"Species","id":"ck9fbdif9ecz409405vbwd46t","fieldName":"class"},{"_typeName":"Class","id":"ck9f9aaynibtf0923697lm5qf"}],[{"_typeName":"Species","id":"ck9fbdj72eczf0940efw24uj9","fieldName":"class"},{"_typeName":"Class","id":"ck9f9aaynibtf0923697lm5qf"}],[{"_typeName":"Species","id":"ck9fbdjz7illq0923w4px1eoj","fieldName":"class"},{"_typeName":"Class","id":"ck9f9aaynibtf0923697lm5qf"}],[{"_typeName":"Species","id":"ck9fbdkr4eczs0940ewuk7vkq","fieldName":"class"},{"_typeName":"Class","id":"ck9f9aaynibtf0923697lm5qf"}],[{"_typeName":"Species","id":"ck9fbdlj8eczz0940vsnm5zz3","fieldName":"class"},{"_typeName":"Class","id":"ck9f9aaynibtf0923697lm5qf"}],[{"_typeName":"Species","id":"ck9fbdmbaed0b09407wvxvxz1","fieldName":"class"},{"_typeName":"Class","id":"ck9f9aaynibtf0923697lm5qf"}],[{"_typeName":"Species","id":"ck9fbdn3film609232knxp4vx","fieldName":"class"},{"_typeName":"Class","id":"ck9f9aaynibtf0923697lm5qf"}],[{"_typeName":"Species","id":"ck9fbdnveed0o0940uuhyj6kx","fieldName":"class"},{"_typeName":"Class","id":"ck9f9aaynibtf0923697lm5qf"}],[{"_typeName":"Species","id":"ck9fbdonhilmh0923yuv175zn","fieldName":"class"},{"_typeName":"Class","id":"ck9f9aaynibtf0923697lm5qf"}],[{"_typeName":"Species","id":"ck9fbdpfked0v0940szitqaw3","fieldName":"class"},{"_typeName":"Class","id":"ck9f9aaynibtf0923697lm5qf"}],[{"_typeName":"Species","id":"ck9fbdq7oilmp0923t5pquzgq","fieldName":"class"},{"_typeName":"Class","id":"ck9f9aaynibtf0923697lm5qf"}],[{"_typeName":"Species","id":"ck9fbdqzsilmy0923jz23d1tz","fieldName":"class"},{"_typeName":"Class","id":"ck9f9aaynibtf0923697lm5qf"}],[{"_typeName":"Species","id":"ck9fbdrrzed1e0940of1qx9iy","fieldName":"class"},{"_typeName":"Class","id":"ck9f9aaynibtf0923697lm5qf"}],[{"_typeName":"Species","id":"ck9fbdsjqed1l0940tsidobhf","fieldName":"class"},{"_typeName":"Class","id":"ck9f9aaynibtf0923697lm5qf"}],[{"_typeName":"Species","id":"ck9fbdtbwed1s0940gkxzhy9r","fieldName":"class"},{"_typeName":"Class","id":"ck9f9aaynibtf0923697lm5qf"}],[{"_typeName":"Species","id":"ck9fbdu3zilnd0923l7dt1b38","fieldName":"class"},{"_typeName":"Class","id":"ck9f9aaynibtf0923697lm5qf"}],[{"_typeName":"Species","id":"ck9fbdvo5ilnm0923nlrieqqa","fieldName":"class"},{"_typeName":"Class","id":"ck9f9aaynibtf0923697lm5qf"}],[{"_typeName":"Species","id":"ck9fbdwg3ilnt0923ikghhxjq","fieldName":"class"},{"_typeName":"Class","id":"ck9f9aaynibtf0923697lm5qf"}],[{"_typeName":"Species","id":"ck9fbdx84ed2c0940p7z68v6f","fieldName":"class"},{"_typeName":"Class","id":"ck9f9aaynibtf0923697lm5qf"}],[{"_typeName":"Species","id":"ck9fbdy07ilo40923r2w7bgid","fieldName":"class"},{"_typeName":"Class","id":"ck9f9aaynibtf0923697lm5qf"}],[{"_typeName":"Species","id":"ck9fbdyrxed2r09404q1lmmgg","fieldName":"class"},{"_typeName":"Class","id":"ck9f9aaynibtf0923697lm5qf"}],[{"_typeName":"Species","id":"ck9fbdzjzed2y0940iq1f38mu","fieldName":"class"},{"_typeName":"Class","id":"ck9f9aaynibtf0923697lm5qf"}],[{"_typeName":"Species","id":"ck9fbe0bziloh0923x51kpyio","fieldName":"class"},{"_typeName":"Class","id":"ck9f9aaynibtf0923697lm5qf"}],[{"_typeName":"Species","id":"ck9fbe13viloq0923u4rw8x6o","fieldName":"class"},{"_typeName":"Class","id":"ck9f9aaynibtf0923697lm5qf"}],[{"_typeName":"Species","id":"ck9fbe1vsilox0923m54ut84y","fieldName":"class"},{"_typeName":"Class","id":"ck9f9aaynibtf0923697lm5qf"}],[{"_typeName":"Species","id":"ck9fbe2nved3l09408lvmbiph","fieldName":"class"},{"_typeName":"Class","id":"ck9f9aaynibtf0923697lm5qf"}],[{"_typeName":"Species","id":"ck9fbe3fted3s0940cw3kcev3","fieldName":"class"},{"_typeName":"Class","id":"ck9f9aaynibtf0923697lm5qf"}],[{"_typeName":"Species","id":"ck9fbe47zilp80923aq9mi9f7","fieldName":"class"},{"_typeName":"Class","id":"ck9f9aaynibtf0923697lm5qf"}],[{"_typeName":"Species","id":"ck9fbe501ed45094024q088uo","fieldName":"class"},{"_typeName":"Class","id":"ck9f9aaynibtf0923697lm5qf"}],[{"_typeName":"Species","id":"ck9fbe5s1ed4e0940owf5y2yy","fieldName":"class"},{"_typeName":"Class","id":"ck9f9aaynibtf0923697lm5qf"}],[{"_typeName":"Species","id":"ck9fbe6k9ed4l09401li562es","fieldName":"class"},{"_typeName":"Class","id":"ck9f9aaynibtf0923697lm5qf"}],[{"_typeName":"Species","id":"ck9fbe7c8ilpq092325oaexhl","fieldName":"class"},{"_typeName":"Class","id":"ck9f9aaynibtf0923697lm5qf"}],[{"_typeName":"Species","id":"ck9fbe844ed4w0940b11yv1wg","fieldName":"class"},{"_typeName":"Class","id":"ck9f9aaynibtf0923697lm5qf"}],[{"_typeName":"Species","id":"ck9fbe8w0ilpx0923c76keaf0","fieldName":"class"},{"_typeName":"Class","id":"ck9f9aaynibtf0923697lm5qf"}],[{"_typeName":"Species","id":"ck9fbe9o1ilq609237h8yosk5","fieldName":"class"},{"_typeName":"Class","id":"ck9f9aaynibtf0923697lm5qf"}],[{"_typeName":"Species","id":"ck9fbeag0ilqd0923uwx4rity","fieldName":"class"},{"_typeName":"Class","id":"ck9f9aaynibtf0923697lm5qf"}],[{"_typeName":"Species","id":"ck9fbeb86ilqk092377vcqs02","fieldName":"class"},{"_typeName":"Class","id":"ck9f9aaynibtf0923697lm5qf"}],[{"_typeName":"Species","id":"ck9fbec04ilqt0923mzykh3yt","fieldName":"class"},{"_typeName":"Class","id":"ck9f9aaynibtf0923697lm5qf"}],[{"_typeName":"Species","id":"ck9fbecs5ed5o09408swwtana","fieldName":"class"},{"_typeName":"Class","id":"ck9f9aaynibtf0923697lm5qf"}],[{"_typeName":"Species","id":"ck9fbedkbed5w0940cdpwfyid","fieldName":"class"},{"_typeName":"Class","id":"ck9f9aaynibtf0923697lm5qf"}],[{"_typeName":"Species","id":"ck9fbeec4ilr90923hnsvcj6l","fieldName":"class"},{"_typeName":"Class","id":"ck9f9aaynibtf0923697lm5qf"}],[{"_typeName":"Species","id":"ck9fbef47ilrg0923e87dwxil","fieldName":"class"},{"_typeName":"Class","id":"ck9f9aaynibtf0923697lm5qf"}],[{"_typeName":"Species","id":"ck9fbefwded6g09401x9adss5","fieldName":"class"},{"_typeName":"Class","id":"ck9f9aaynibtf0923697lm5qf"}],[{"_typeName":"Species","id":"ck9fbegoeed6p094052av2osk","fieldName":"class"},{"_typeName":"Class","id":"ck9f9aaynibtf0923697lm5qf"}],[{"_typeName":"Species","id":"ck9fbehhmed6w0940sponnvgr","fieldName":"class"},{"_typeName":"Class","id":"ck9f9aaynibtf0923697lm5qf"}],[{"_typeName":"Species","id":"ck9fbei89ilrw0923h1xrzt7r","fieldName":"class"},{"_typeName":"Class","id":"ck9f9aaynibtf0923697lm5qf"}],[{"_typeName":"Species","id":"ck9fbej0aed7c09406ktzzckd","fieldName":"class"},{"_typeName":"Class","id":"ck9f9aaynibtf0923697lm5qf"}],[{"_typeName":"Species","id":"ck9fbejsbils70923ervf6sua","fieldName":"class"},{"_typeName":"Class","id":"ck9f9aaynibtf0923697lm5qf"}],[{"_typeName":"Species","id":"ck9fbekkjed7n0940pr415qn0","fieldName":"class"},{"_typeName":"Class","id":"ck9f9aaynibtf0923697lm5qf"}],[{"_typeName":"Species","id":"ck9fbelciilsh09232gfv4yxm","fieldName":"class"},{"_typeName":"Class","id":"ck9f9aaynibtf0923697lm5qf"}],[{"_typeName":"Species","id":"ck9fbem4med7w0940x3ptkhi6","fieldName":"class"},{"_typeName":"Class","id":"ck9f9aaynibtf0923697lm5qf"}],[{"_typeName":"Species","id":"ck9fbemwkilsq0923e2dt9690","fieldName":"class"},{"_typeName":"Class","id":"ck9f9aaynibtf0923697lm5qf"}],[{"_typeName":"Species","id":"ck9fbenolilt10923jcjzihp0","fieldName":"class"},{"_typeName":"Class","id":"ck9f9aaynibtf0923697lm5qf"}],[{"_typeName":"Species","id":"ck9fbeogeed8f0940ie0tmrdv","fieldName":"class"},{"_typeName":"Class","id":"ck9f9aaynibtf0923697lm5qf"}],[{"_typeName":"Species","id":"ck9fbep8ced8m0940ny0vk14w","fieldName":"class"},{"_typeName":"Class","id":"ck9f9aaynibtf0923697lm5qf"}],[{"_typeName":"Species","id":"ck9fbeq0jiltd0923ogniaps5","fieldName":"class"},{"_typeName":"Class","id":"ck9f9aaynibtf0923697lm5qf"}],[{"_typeName":"Species","id":"ck9fbeqsliltk0923jux17o7b","fieldName":"class"},{"_typeName":"Class","id":"ck9f9aaynibtf0923697lm5qf"}],[{"_typeName":"Species","id":"ck9fberkked900940loynavd6","fieldName":"class"},{"_typeName":"Class","id":"ck9f9aaynibtf0923697lm5qf"}],[{"_typeName":"Species","id":"ck9fbescniltx0923q1md9qau","fieldName":"class"},{"_typeName":"Class","id":"ck9f9aaynibtf0923697lm5qf"}],[{"_typeName":"Species","id":"ck9fbet4jilu409234if12kmh","fieldName":"class"},{"_typeName":"Class","id":"ck9f9aaynibtf0923697lm5qf"}],[{"_typeName":"Species","id":"ck9fbetwped9h0940qgslto5v","fieldName":"class"},{"_typeName":"Class","id":"ck9f9aaynibtf0923697lm5qf"}],[{"_typeName":"Species","id":"ck9fbeuopiluf0923dlylbeyw","fieldName":"class"},{"_typeName":"Class","id":"ck9f9aaynibtf0923697lm5qf"}],[{"_typeName":"Species","id":"ck9fbevgsilun0923imvl8djp","fieldName":"class"},{"_typeName":"Class","id":"ck9f9aaynibtf0923697lm5qf"}],[{"_typeName":"Species","id":"ck9fbew8uiluu09235d8li10d","fieldName":"class"},{"_typeName":"Class","id":"ck9f9aaynibtf0923697lm5qf"}],[{"_typeName":"Species","id":"ck9fbex0reda60940kp62wa5s","fieldName":"class"},{"_typeName":"Class","id":"ck9f9aaynibtf0923697lm5qf"}],[{"_typeName":"Species","id":"ck9fbexsxilv70923g0jau2gg","fieldName":"class"},{"_typeName":"Class","id":"ck9f9aaynibtf0923697lm5qf"}],[{"_typeName":"Species","id":"ck9fbeykuedaf0940mhnk7ejc","fieldName":"class"},{"_typeName":"Class","id":"ck9f9aaynibtf0923697lm5qf"}],[{"_typeName":"Species","id":"ck9fbezcxedam09407hebcjvp","fieldName":"class"},{"_typeName":"Class","id":"ck9f9aaynibtf0923697lm5qf"}],[{"_typeName":"Species","id":"ck9fbf04zilvg09239mpwo1g6","fieldName":"class"},{"_typeName":"Class","id":"ck9f9aaynibtf0923697lm5qf"}],[{"_typeName":"Species","id":"ck9fbf0wwilvp0923x5oxiyi2","fieldName":"class"},{"_typeName":"Class","id":"ck9f9aaynibtf0923697lm5qf"}],[{"_typeName":"Species","id":"ck9fbf1oyedb30940gol6ghqf","fieldName":"class"},{"_typeName":"Class","id":"ck9f9aaynibtf0923697lm5qf"}],[{"_typeName":"Species","id":"ck9fbf2gxilw00923fv2we6pl","fieldName":"class"},{"_typeName":"Class","id":"ck9f9aaynibtf0923697lm5qf"}],[{"_typeName":"Species","id":"ck9fbf38vilw90923nm8fprze","fieldName":"class"},{"_typeName":"Class","id":"ck9f9aaynibtf0923697lm5qf"}],[{"_typeName":"Species","id":"ck9fbf40uilwi0923jw1iqmcj","fieldName":"class"},{"_typeName":"Class","id":"ck9f9aaynibtf0923697lm5qf"}],[{"_typeName":"Species","id":"ck9fbf4suedbj09405ngr3o1z","fieldName":"class"},{"_typeName":"Class","id":"ck9f9aaynibtf0923697lm5qf"}],[{"_typeName":"Species","id":"ck9fbf5ktilwr0923xi3zynd4","fieldName":"class"},{"_typeName":"Class","id":"ck9f9aaynibtf0923697lm5qf"}],[{"_typeName":"Species","id":"ck9fbf6d3edbw0940zk8c1w1n","fieldName":"class"},{"_typeName":"Class","id":"ck9f9aaynibtf0923697lm5qf"}],[{"_typeName":"Species","id":"ck9fbf751ilx20923vti2gzfg","fieldName":"class"},{"_typeName":"Class","id":"ck9f9aaynibtf0923697lm5qf"}],[{"_typeName":"Species","id":"ck9fbf7x2edc50940h0mvzfkb","fieldName":"class"},{"_typeName":"Class","id":"ck9f9aaynibtf0923697lm5qf"}],[{"_typeName":"Species","id":"ck9fbf8p8ilxb0923gh0700vd","fieldName":"class"},{"_typeName":"Class","id":"ck9f9aaynibtf0923697lm5qf"}],[{"_typeName":"Species","id":"ck9fbf9h3edce0940a97e1b3m","fieldName":"class"},{"_typeName":"Class","id":"ck9f9aaynibtf0923697lm5qf"}],[{"_typeName":"Species","id":"ck9fbfa98ilxk0923xox8s6je","fieldName":"class"},{"_typeName":"Class","id":"ck9f9aaynibtf0923697lm5qf"}],[{"_typeName":"Species","id":"ck9fbfb10edcu0940bbo5s8hq","fieldName":"class"},{"_typeName":"Class","id":"ck9f9aaynibtf0923697lm5qf"}],[{"_typeName":"Species","id":"ck9fbfbt4ilxx0923xf2wk6jz","fieldName":"class"},{"_typeName":"Class","id":"ck9f9aaynibtf0923697lm5qf"}],[{"_typeName":"Species","id":"ck9fbfclaedd50940s454alpx","fieldName":"class"},{"_typeName":"Class","id":"ck9f9aaynibtf0923697lm5qf"}],[{"_typeName":"Species","id":"ck9fbfddceddc0940hcfe85yf","fieldName":"class"},{"_typeName":"Class","id":"ck9f9aaynibtf0923697lm5qf"}],[{"_typeName":"Species","id":"ck9fbfe5bily709235dnoeb7u","fieldName":"class"},{"_typeName":"Class","id":"ck9f9aaynibtf0923697lm5qf"}],[{"_typeName":"Species","id":"ck9fbfexdeddm09402nznos0y","fieldName":"class"},{"_typeName":"Class","id":"ck9f9aaynibtf0923697lm5qf"}],[{"_typeName":"Species","id":"ck9fbffpgilyi09237je3ezf4","fieldName":"class"},{"_typeName":"Class","id":"ck9f9aaynibtf0923697lm5qf"}],[{"_typeName":"Species","id":"ck9fbfghhede109407ez6lzxg","fieldName":"class"},{"_typeName":"Class","id":"ck9f9aaynibtf0923697lm5qf"}],[{"_typeName":"Species","id":"ck9fbfh9pilyt0923cdtmy2ag","fieldName":"class"},{"_typeName":"Class","id":"ck9f9aaynibtf0923697lm5qf"}],[{"_typeName":"Species","id":"ck9fbfi1nilz00923gfdmrgtu","fieldName":"class"},{"_typeName":"Class","id":"ck9f9aaynibtf0923697lm5qf"}],[{"_typeName":"Species","id":"ck9fbfitqilzb0923uh9y544k","fieldName":"class"},{"_typeName":"Class","id":"ck9f9aaynibtf0923697lm5qf"}],[{"_typeName":"Species","id":"ck9fbfjlledef09406sm7ymqm","fieldName":"class"},{"_typeName":"Class","id":"ck9f9aaynibtf0923697lm5qf"}],[{"_typeName":"Species","id":"ck9fbfkdmilzl0923oymyk9li","fieldName":"class"},{"_typeName":"Class","id":"ck9f9aaynibtf0923697lm5qf"}],[{"_typeName":"Species","id":"ck9fbfl5kedev0940vrc3kh5p","fieldName":"class"},{"_typeName":"Class","id":"ck9f9aaynibtf0923697lm5qf"}],[{"_typeName":"Species","id":"ck9fbflxpilzu0923erl250dm","fieldName":"class"},{"_typeName":"Class","id":"ck9f9aaynibtf0923697lm5qf"}],[{"_typeName":"Species","id":"ck9fbfmptim050923k2e4mdfh","fieldName":"class"},{"_typeName":"Class","id":"ck9f9aaynibtf0923697lm5qf"}],[{"_typeName":"Species","id":"ck9fbfnhvedf90940vgkpqv03","fieldName":"class"},{"_typeName":"Class","id":"ck9f9aaynibtf0923697lm5qf"}],[{"_typeName":"Species","id":"ck9fbfo9sim0e0923k92u1uwi","fieldName":"class"},{"_typeName":"Class","id":"ck9f9aaynibtf0923697lm5qf"}],[{"_typeName":"Species","id":"ck9fbfp1oim0n09234fhz3ltl","fieldName":"class"},{"_typeName":"Class","id":"ck9f9aaynibtf0923697lm5qf"}],[{"_typeName":"Species","id":"ck9fbfptmedfr0940hit2h1qx","fieldName":"class"},{"_typeName":"Class","id":"ck9f9aaynibtf0923697lm5qf"}],[{"_typeName":"Species","id":"ck9fbfqljedg10940661l9rnl","fieldName":"class"},{"_typeName":"Class","id":"ck9f9aaynibtf0923697lm5qf"}],[{"_typeName":"Species","id":"ck9fbfrdiim110923i15toofz","fieldName":"class"},{"_typeName":"Class","id":"ck9f9aaynibtf0923697lm5qf"}],[{"_typeName":"Species","id":"ck9fbfs5dedg9094008wb3cgf","fieldName":"class"},{"_typeName":"Class","id":"ck9f9aaynibtf0923697lm5qf"}],[{"_typeName":"Species","id":"ck9fbfsxbim1a0923jjfru237","fieldName":"class"},{"_typeName":"Class","id":"ck9f9aaynibtf0923697lm5qf"}],[{"_typeName":"Species","id":"ck9fbftp7edgo0940pdx4lt6y","fieldName":"class"},{"_typeName":"Class","id":"ck9f9aaynibtf0923697lm5qf"}],[{"_typeName":"Species","id":"ck9fbfuhhim1m0923ba784jgx","fieldName":"class"},{"_typeName":"Class","id":"ck9f9aaynibtf0923697lm5qf"}],[{"_typeName":"Species","id":"ck9fbfv92im1t0923srzve0b8","fieldName":"class"},{"_typeName":"Class","id":"ck9f9aaynibtf0923697lm5qf"}],[{"_typeName":"Species","id":"ck9fbfw16edgz094055kuolwx","fieldName":"class"},{"_typeName":"Class","id":"ck9f9aaynibtf0923697lm5qf"}],[{"_typeName":"Species","id":"ck9fbfwt8im220923e61gns3g","fieldName":"class"},{"_typeName":"Class","id":"ck9f9aaynibtf0923697lm5qf"}],[{"_typeName":"Species","id":"ck9fbfxl8edh909401g55xtx7","fieldName":"class"},{"_typeName":"Class","id":"ck9f9aaynibtf0923697lm5qf"}],[{"_typeName":"Species","id":"ck9fbfyd8edhm09404pbda1gi","fieldName":"class"},{"_typeName":"Class","id":"ck9f9aaynibtf0923697lm5qf"}],[{"_typeName":"Species","id":"ck9fbfz5eim2h0923e6cvifqs","fieldName":"class"},{"_typeName":"Class","id":"ck9f9aaynibtf0923697lm5qf"}],[{"_typeName":"Species","id":"ck9fbfzxbedhw0940ee8ddu5z","fieldName":"class"},{"_typeName":"Class","id":"ck9f9aaynibtf0923697lm5qf"}],[{"_typeName":"Species","id":"ck9fbg0pbim2q092361xkcqvs","fieldName":"class"},{"_typeName":"Class","id":"ck9f9aaynibtf0923697lm5qf"}],[{"_typeName":"Species","id":"ck9fbg1hcim2x0923qqq0zbrh","fieldName":"class"},{"_typeName":"Class","id":"ck9f9aaynibtf0923697lm5qf"}],[{"_typeName":"Species","id":"ck9fbg29aim340923yjmzwnzp","fieldName":"class"},{"_typeName":"Class","id":"ck9f9aaynibtf0923697lm5qf"}],[{"_typeName":"Species","id":"ck9fbg31fim3f0923t9jmopwm","fieldName":"class"},{"_typeName":"Class","id":"ck9f9aaynibtf0923697lm5qf"}],[{"_typeName":"Species","id":"ck9fbg3tfedij0940gijpvovx","fieldName":"class"},{"_typeName":"Class","id":"ck9f9aaynibtf0923697lm5qf"}],[{"_typeName":"Species","id":"ck9fbg4lhim3m09231i3li2r4","fieldName":"class"},{"_typeName":"Class","id":"ck9f9aaynibtf0923697lm5qf"}],[{"_typeName":"Species","id":"ck9fbg5e5ediy0940h855khmf","fieldName":"class"},{"_typeName":"Class","id":"ck9f9aaynibtf0923697lm5qf"}],[{"_typeName":"Species","id":"ck9fbg65lim3y09239unr0ari","fieldName":"class"},{"_typeName":"Class","id":"ck9f9aaynibtf0923697lm5qf"}],[{"_typeName":"Species","id":"ck9fbg6xgim4509231wgm4wct","fieldName":"class"},{"_typeName":"Class","id":"ck9f9aaynibtf0923697lm5qf"}],[{"_typeName":"Species","id":"ck9fbg7pgedji0940eag3xifn","fieldName":"class"},{"_typeName":"Class","id":"ck9f9aaynibtf0923697lm5qf"}],[{"_typeName":"Species","id":"ck9fbg8hkedjq0940wglbxfhn","fieldName":"class"},{"_typeName":"Class","id":"ck9f9aaynibtf0923697lm5qf"}],[{"_typeName":"Species","id":"ck9fbg99pedjy0940m38votfc","fieldName":"class"},{"_typeName":"Class","id":"ck9f9aaynibtf0923697lm5qf"}],[{"_typeName":"Species","id":"ck9fbga1vim4k0923gnsxtw4x","fieldName":"class"},{"_typeName":"Class","id":"ck9f9aaynibtf0923697lm5qf"}],[{"_typeName":"Species","id":"ck9fbgatvedk70940xj772zmd","fieldName":"class"},{"_typeName":"Class","id":"ck9f9aaynibtf0923697lm5qf"}],[{"_typeName":"Species","id":"ck9fbgbltedkh0940mznls0f3","fieldName":"class"},{"_typeName":"Class","id":"ck9f9aaynibtf0923697lm5qf"}],[{"_typeName":"Species","id":"ck9fbgcduedkr09408paxx6ai","fieldName":"class"},{"_typeName":"Class","id":"ck9f9aaynibtf0923697lm5qf"}],[{"_typeName":"Species","id":"ck9fbgd5uim4v0923tou8q9q9","fieldName":"class"},{"_typeName":"Class","id":"ck9f9aaynibtf0923697lm5qf"}],[{"_typeName":"Species","id":"ck9fbgdxuim560923ekid42iu","fieldName":"class"},{"_typeName":"Class","id":"ck9f9aaynibtf0923697lm5qf"}],[{"_typeName":"Species","id":"ck9fbgeq0edl20940i9wnfgdd","fieldName":"class"},{"_typeName":"Class","id":"ck9f9aaynibtf0923697lm5qf"}],[{"_typeName":"Species","id":"ck9fbgfhzedla0940wx131ago","fieldName":"class"},{"_typeName":"Class","id":"ck9f9aaynibtf0923697lm5qf"}],[{"_typeName":"Species","id":"ck9fbgga3edlk0940rnq1mjd7","fieldName":"class"},{"_typeName":"Class","id":"ck9f9aaynibtf0923697lm5qf"}],[{"_typeName":"Species","id":"ck9fbgh20edlu0940hg4xu5x3","fieldName":"class"},{"_typeName":"Class","id":"ck9f9aaynibtf0923697lm5qf"}],[{"_typeName":"Species","id":"ck9fbghu4edm10940d7a141ok","fieldName":"class"},{"_typeName":"Class","id":"ck9f9aaynibtf0923697lm5qf"}],[{"_typeName":"Species","id":"ck9fbgim7edm809402w9yr5m1","fieldName":"class"},{"_typeName":"Class","id":"ck9f9aaynibtf0923697lm5qf"}],[{"_typeName":"Species","id":"ck9fbgje5im5p09235vesgwtj","fieldName":"class"},{"_typeName":"Class","id":"ck9f9aaynibtf0923697lm5qf"}],[{"_typeName":"Species","id":"ck9fbgk6bedmh0940eoanujr8","fieldName":"class"},{"_typeName":"Class","id":"ck9f9aaynibtf0923697lm5qf"}],[{"_typeName":"Species","id":"ck9fbgky4im600923orvtae4h","fieldName":"class"},{"_typeName":"Class","id":"ck9f9aaynibtf0923697lm5qf"}],[{"_typeName":"Species","id":"ck9fbglqbedmy0940jaaqmz0j","fieldName":"class"},{"_typeName":"Class","id":"ck9f9aaynibtf0923697lm5qf"}],[{"_typeName":"Species","id":"ck9fbgmidedn50940brbqq0jw","fieldName":"class"},{"_typeName":"Class","id":"ck9f9aaynibtf0923697lm5qf"}],[{"_typeName":"Species","id":"ck9fbgngyednf09403yu6jj8f","fieldName":"class"},{"_typeName":"Class","id":"ck9f9aaynibtf0923697lm5qf"}],[{"_typeName":"Species","id":"ck9fbgo2gim6d0923fqtvi15r","fieldName":"class"},{"_typeName":"Class","id":"ck9f9aaynibtf0923697lm5qf"}],[{"_typeName":"Species","id":"ck9fbgougednm09405ug6je2s","fieldName":"class"},{"_typeName":"Class","id":"ck9f9aaynibtf0923697lm5qf"}],[{"_typeName":"Species","id":"ck9fbgpmgednz09406gmm41ua","fieldName":"class"},{"_typeName":"Class","id":"ck9f9aaynibtf0923697lm5qf"}],[{"_typeName":"Species","id":"ck9fbgqeledo60940famexkv3","fieldName":"class"},{"_typeName":"Class","id":"ck9f9aaynibtf0923697lm5qf"}],[{"_typeName":"Species","id":"ck9fbgr6iim6s0923div2zioj","fieldName":"class"},{"_typeName":"Class","id":"ck9f9aaynibtf0923697lm5qf"}],[{"_typeName":"Species","id":"ck9fbgryjim710923d0gg9lps","fieldName":"class"},{"_typeName":"Class","id":"ck9f9aaynibtf0923697lm5qf"}],[{"_typeName":"Species","id":"ck9fbgsqoim780923pf9zfas5","fieldName":"class"},{"_typeName":"Class","id":"ck9f9aaynibtf0923697lm5qf"}],[{"_typeName":"Species","id":"ck9fbgtimedok0940u5m8skze","fieldName":"class"},{"_typeName":"Class","id":"ck9f9aaynibtf0923697lm5qf"}],[{"_typeName":"Species","id":"ck9fbguamim7j0923d5qkbj5m","fieldName":"class"},{"_typeName":"Class","id":"ck9f9aaynibtf0923697lm5qf"}],[{"_typeName":"Species","id":"ck9fbgv2nedoy0940jmqd92p8","fieldName":"class"},{"_typeName":"Class","id":"ck9f9aaynibtf0923697lm5qf"}],[{"_typeName":"Species","id":"ck9fbgvuoedp50940pjnl16n9","fieldName":"class"},{"_typeName":"Class","id":"ck9f9aaynibtf0923697lm5qf"}],[{"_typeName":"Species","id":"ck9fbgwriim7y0923ic03tc54","fieldName":"class"},{"_typeName":"Class","id":"ck9f9aaynibtf0923697lm5qf"}],[{"_typeName":"Species","id":"ck9fbgxhkedpi0940qvy7orow","fieldName":"class"},{"_typeName":"Class","id":"ck9f9aaynibtf0923697lm5qf"}],[{"_typeName":"Species","id":"ck9fbgy91edpp09406ock1so1","fieldName":"class"},{"_typeName":"Class","id":"ck9f9aaynibtf0923697lm5qf"}],[{"_typeName":"Species","id":"ck9fbgz0kedq40940p8ukmw7o","fieldName":"class"},{"_typeName":"Class","id":"ck9f9aaynibtf0923697lm5qf"}],[{"_typeName":"Species","id":"ck9fbgzqnim8d0923kvislen5","fieldName":"class"},{"_typeName":"Class","id":"ck9f9aaynibtf0923697lm5qf"}],[{"_typeName":"Species","id":"ck9fbh0ivedqh0940rm2adbv9","fieldName":"class"},{"_typeName":"Class","id":"ck9f9aaynibtf0923697lm5qf"}],[{"_typeName":"Species","id":"ck9fbh1asedqr0940d5x1ahvw","fieldName":"class"},{"_typeName":"Class","id":"ck9f9aaynibtf0923697lm5qf"}],[{"_typeName":"Species","id":"ck9fbh22xedqz0940cw3tj2dp","fieldName":"class"},{"_typeName":"Class","id":"ck9f9aaynibtf0923697lm5qf"}],[{"_typeName":"Species","id":"ck9fbh2uxedr80940aysepg9k","fieldName":"class"},{"_typeName":"Class","id":"ck9f9aaynibtf0923697lm5qf"}],[{"_typeName":"Species","id":"ck9fbh3mxedro0940llhqr38p","fieldName":"class"},{"_typeName":"Class","id":"ck9f9aaynibtf0923697lm5qf"}],[{"_typeName":"Species","id":"ck9fbh4ezedrv0940vtsf65z5","fieldName":"class"},{"_typeName":"Class","id":"ck9f9aaynibtf0923697lm5qf"}],[{"_typeName":"Species","id":"ck9fbh56xeds20940st5n3x13","fieldName":"class"},{"_typeName":"Class","id":"ck9f9aaynibtf0923697lm5qf"}],[{"_typeName":"Species","id":"ck9fbh5yyeds90940xkszd5ou","fieldName":"class"},{"_typeName":"Class","id":"ck9f9aaynibtf0923697lm5qf"}],[{"_typeName":"Species","id":"ck9fbh6qwim96092329kau0tf","fieldName":"class"},{"_typeName":"Class","id":"ck9f9aaynibtf0923697lm5qf"}],[{"_typeName":"Species","id":"ck9fbh7j3im9f0923y1fvchlq","fieldName":"class"},{"_typeName":"Class","id":"ck9f9aaynibtf0923697lm5qf"}],[{"_typeName":"Species","id":"ck9fbh8awim9p0923guxqlhhc","fieldName":"class"},{"_typeName":"Class","id":"ck9f9aaynibtf0923697lm5qf"}],[{"_typeName":"Species","id":"ck9fbh933edsr0940agm1s8np","fieldName":"class"},{"_typeName":"Class","id":"ck9f9aaynibtf0923697lm5qf"}],[{"_typeName":"Species","id":"ck9fbh9uzima00923gvcyx54l","fieldName":"class"},{"_typeName":"Class","id":"ck9f9aaynibtf0923697lm5qf"}],[{"_typeName":"Species","id":"ck9fbhan3edt30940l281kd1f","fieldName":"class"},{"_typeName":"Class","id":"ck9f9aaynibtf0923697lm5qf"}],[{"_typeName":"Species","id":"ck9fbhbezedta0940hntthqkl","fieldName":"class"},{"_typeName":"Class","id":"ck9f9aaynibtf0923697lm5qf"}],[{"_typeName":"Species","id":"ck9fbhc72imac0923lx7fyi6d","fieldName":"class"},{"_typeName":"Class","id":"ck9f9aaynibtf0923697lm5qf"}],[{"_typeName":"Species","id":"ck9fbn2qgimx40923279ebqk5","fieldName":"class"},{"_typeName":"Class","id":"ck9f9aaynibtf0923697lm5qf"}],[{"_typeName":"Species","id":"ck9fbsnw6in9m0923aoyg80ui","fieldName":"class"},{"_typeName":"Class","id":"ck9f9aaynibtf0923697lm5qf"}],[{"_typeName":"Species","id":"ck9fbtv8mef8t09403pf697pf","fieldName":"class"},{"_typeName":"Class","id":"ck9f9aaynibtf0923697lm5qf"}],[{"_typeName":"Species","id":"ck9fbv3ezingw0923tjvagckv","fieldName":"class"},{"_typeName":"Class","id":"ck9f9aaynibtf0923697lm5qf"}],[{"_typeName":"Species","id":"ck9fbvjlsefg00940te1t5bjw","fieldName":"class"},{"_typeName":"Class","id":"ck9f9aaynibtf0923697lm5qf"}],[{"_typeName":"Species","id":"ck9fbwrm1eflg0940fwwmvlb0","fieldName":"class"},{"_typeName":"Class","id":"ck9f9aaynibtf0923697lm5qf"}],[{"_typeName":"Species","id":"ck9fby62nio2l0923iw7emtqi","fieldName":"class"},{"_typeName":"Class","id":"ck9f9aaynibtf0923697lm5qf"}],[{"_typeName":"Species","id":"ck9fbz11yio9q0923c6p6ba8j","fieldName":"class"},{"_typeName":"Class","id":"ck9f9aaynibtf0923697lm5qf"}],[{"_typeName":"Species","id":"ck9fbza7uegdg0940h906rv7r","fieldName":"class"},{"_typeName":"Class","id":"ck9f9aaynibtf0923697lm5qf"}],[{"_typeName":"Species","id":"ck9fbzggyiod60923n69l122b","fieldName":"class"},{"_typeName":"Class","id":"ck9f9aaynibtf0923697lm5qf"}],[{"_typeName":"Species","id":"ck9fbzkwzioe809239qr1ju7k","fieldName":"class"},{"_typeName":"Class","id":"ck9f9aaynibtf0923697lm5qf"}],[{"_typeName":"Species","id":"ck9fbzt7vegi509406odpddmj","fieldName":"class"},{"_typeName":"Class","id":"ck9f9aaynibtf0923697lm5qf"}]]}